source,target,value,genre
Female,1-2 albums,2,A Cappella
Female,1-2 albums,1,Acid Jazz
Female,1-2 albums,1,Acid Rock
Female,1-2 albums,15,Acoustic
Female,1-2 albums,6,Adult Alternative
Female,1-2 albums,1,Adult Alternative&#x200E;
Female,1-2 albums,13,Adult Contemporary
Female,1-2 albums,5,Alternative Country
Female,1-2 albums,1,Alternative Dance
Female,1-2 albums,3,Alternative Hip Hop
Female,1-2 albums,1,Alternative Metal
Female,1-2 albums,54,Alternative Rock
Female,1-2 albums,3,Ambient
Female,1-2 albums,5,Americana
Female,1-2 albums,1,Anime
Female,1-2 albums,1,Anti-Folk
Female,1-2 albums,2,Art Rock
Female,1-2 albums,3,Avant-garde
Female,1-2 albums,1,Ax&#xE9;
Female,1-2 albums,1,Bachata
Female,1-2 albums,3,Ballad
Female,1-2 albums,7,Baroque Pop
Female,1-2 albums,1,Big Band
Female,1-2 albums,2,Black Metal
Female,1-2 albums,2,Bluegrass
Female,1-2 albums,17,Blues
Female,1-2 albums,5,Blues Rock
Female,1-2 albums,2,Bolero
Female,1-2 albums,9,Bossa Nova
Female,1-2 albums,3,Brazilian
Female,1-2 albums,1,British Invasion
Female,1-2 albums,1,Bubblegum Dance
Female,1-2 albums,1,Bubblegum Pop
Female,1-2 albums,1,C-Pop
Female,1-2 albums,7,Celtic
Female,1-2 albums,1,Celtic Rock
Female,1-2 albums,42,Chanson
Female,1-2 albums,9,Children&apos;s Music
Female,1-2 albums,11,Christian
Female,1-2 albums,1,Christian Hip Hop
Female,1-2 albums,3,Christian Rock
Female,1-2 albums,86,Christmas
Female,1-2 albums,1,Classic Pop
Female,1-2 albums,7,Classical
Female,1-2 albums,3,Comedy
Female,1-2 albums,12,Contemporary Christian
Female,1-2 albums,4,Contemporary Folk
Female,1-2 albums,1,Contemporary Jazz
Female,1-2 albums,76,Country
Female,1-2 albums,11,Country Pop
Female,1-2 albums,1,Country Pop&#x200E;
Female,1-2 albums,4,Country Rock
Female,1-2 albums,1,Cumbia
Female,1-2 albums,22,Dance
Female,1-2 albums,23,Dance-Pop
Female,1-2 albums,1,Dance-Rock
Female,1-2 albums,2,Dancehall
Female,1-2 albums,1,Deutschrock
Female,1-2 albums,1,Dirty Blues
Female,1-2 albums,25,Disco
Female,1-2 albums,3,Downtempo
Female,1-2 albums,6,Dream Pop
Female,1-2 albums,2,Drum And Bass
Female,1-2 albums,1,Dub
Female,1-2 albums,1,Dubstep
Female,1-2 albums,1,EDM
Female,1-2 albums,2,East Coast Hip Hop
Female,1-2 albums,6,Easy Listening
Female,1-2 albums,32,Electronic
Female,1-2 albums,13,Electronica
Female,1-2 albums,9,Electropop
Female,1-2 albums,4,Eurodance
Female,1-2 albums,2,Europop
Female,1-2 albums,10,Experimental
Female,1-2 albums,1,Experimental Pop
Female,1-2 albums,4,Experimental Rock
Female,1-2 albums,5,Fado
Female,1-2 albums,3,Filk
Female,1-2 albums,2,Flamenco
Female,1-2 albums,85,Folk
Female,1-2 albums,2,Folk Metal
Female,1-2 albums,52,Folk Rock
Female,1-2 albums,7,Francophone
Female,1-2 albums,15,Freestyle
Female,1-2 albums,1,French Hip Hop
Female,1-2 albums,15,French Pop
Female,1-2 albums,12,Funk
Female,1-2 albums,1,Funk Melody
Female,1-2 albums,4,Glam Rock
Female,1-2 albums,17,Gospel
Female,1-2 albums,2,Gothic
Female,1-2 albums,1,Gothic Metal
Female,1-2 albums,1,Gothic Rock
Female,1-2 albums,10,Hard Rock
Female,1-2 albums,2,Heavy Metal
Female,1-2 albums,36,Hip Hop
Female,1-2 albums,1,Honky Tonk
Female,1-2 albums,9,House
Female,1-2 albums,10,Indie
Female,1-2 albums,17,Indie Folk
Female,1-2 albums,56,Indie Pop
Female,1-2 albums,34,Indie Rock
Female,1-2 albums,3,Industrial
Female,1-2 albums,1,Industrial Metal
Female,1-2 albums,1,Instrumental Rock
Female,1-2 albums,1,Italian Folk
Female,1-2 albums,1,Italo Disco
Female,1-2 albums,8,J-Pop
Female,1-2 albums,55,Jazz
Female,1-2 albums,2,Jazz Fusion
Female,1-2 albums,1,Jovem Guarda
Female,1-2 albums,1,Jump Blues
Female,1-2 albums,1,K-Pop
Female,1-2 albums,16,Latin
Female,1-2 albums,1,Latin Jazz
Female,1-2 albums,19,Latin Pop
Female,1-2 albums,2,Latin Rock
Female,1-2 albums,2,Lo-Fi
Female,1-2 albums,16,MPB
Female,1-2 albums,1,Mashup
Female,1-2 albums,1,Metalcore
Female,1-2 albums,1,Midwest Rap
Female,1-2 albums,1,Modern Rock
Female,1-2 albums,3,Musical
Female,1-2 albums,8,Neo Soul
Female,1-2 albums,3,Neofolk
Female,1-2 albums,2,Neue Deutsche Welle
Female,1-2 albums,3,New Age
Female,1-2 albums,1,New Jack Swing
Female,1-2 albums,14,New Wave
Female,1-2 albums,1,Opera
Female,1-2 albums,1,Operatic Pop
Female,1-2 albums,1,Orchestral
Female,1-2 albums,1,Piano Rock
Female,1-2 albums,429,Pop
Female,1-2 albums,3,Pop Punk
Female,1-2 albums,107,Pop Rock
Female,1-2 albums,2,Pop-Folk
Female,1-2 albums,1,Post-Grunge
Female,1-2 albums,1,Post-Punk
Female,1-2 albums,1,Post-Rock
Female,1-2 albums,1,Power Metal
Female,1-2 albums,1,Power Pop
Female,1-2 albums,1,Progressive Metal
Female,1-2 albums,2,Protest Song
Female,1-2 albums,1,Psychedelic Rock
Female,1-2 albums,1,Punk Cabaret
Female,1-2 albums,3,Punk Rock
Female,1-2 albums,1,Quiet Storm
Female,1-2 albums,114,R&amp;B
Female,1-2 albums,8,Reggae
Female,1-2 albums,1,Reggae Fusion
Female,1-2 albums,1,Reggaeton
Female,1-2 albums,1,Religious
Female,1-2 albums,85,Rock
Female,1-2 albums,1,Rockabilly
Female,1-2 albums,1,Roots Reggae
Female,1-2 albums,6,Samba
Female,1-2 albums,20,Schlager
Female,1-2 albums,1,Sertanejo
Female,1-2 albums,1,Shibuya-Kei
Female,1-2 albums,16,Singer-Songwriter
Female,1-2 albums,1,Ska
Female,1-2 albums,3,Smooth Jazz
Female,1-2 albums,10,Soft Rock
Female,1-2 albums,67,Soul
Female,1-2 albums,5,Soundtrack
Female,1-2 albums,2,Southern Hip Hop
Female,1-2 albums,1,Spoken Word
Female,1-2 albums,3,Swing
Female,1-2 albums,3,Symphonic Metal
Female,1-2 albums,1,Symphonic Rock
Female,1-2 albums,23,Synthpop
Female,1-2 albums,1,Techno
Female,1-2 albums,9,Teen Pop
Female,1-2 albums,1,Trance
Female,1-2 albums,8,Trip Hop
Female,1-2 albums,1,Tropicalismo
Female,1-2 albums,18,Vocal
Female,1-2 albums,3,Vocal Jazz
Female,1-2 albums,1,Volkslied
Female,1-2 albums,9,World Music
Female,1-2 albums,1,Worldbeat
Female,1-2 albums,3,Worship
Female,1-2 albums,1,Y&#xE9;-y&#xE9;
Female,1-2 albums,4815,unknown_genre
Female,3-4 albums,2,Acoustic
Female,3-4 albums,1,Adult Alternative
Female,3-4 albums,2,Alternative Country
Female,3-4 albums,4,Alternative Rock
Female,3-4 albums,1,Americana
Female,3-4 albums,1,Anti-Folk
Female,3-4 albums,1,Art Rock
Female,3-4 albums,2,Bluegrass
Female,3-4 albums,3,Blues
Female,3-4 albums,2,Blues Rock
Female,3-4 albums,4,Bossa Nova
Female,3-4 albums,1,Britpop
Female,3-4 albums,1,Celtic
Female,3-4 albums,5,Chanson
Female,3-4 albums,1,Christian
Female,3-4 albums,1,Christian Rock
Female,3-4 albums,1,Christmas
Female,3-4 albums,3,Contemporary Christian
Female,3-4 albums,1,Contemporary Folk
Female,3-4 albums,12,Country
Female,3-4 albums,1,Crossover
Female,3-4 albums,1,Dance
Female,3-4 albums,3,Dance-Pop
Female,3-4 albums,1,Dancehall
Female,3-4 albums,2,Dark Electro
Female,3-4 albums,1,Deutschrock
Female,3-4 albums,1,Disco
Female,3-4 albums,1,Electro
Female,3-4 albums,1,Electronic
Female,3-4 albums,1,Electronica
Female,3-4 albums,1,Europop
Female,3-4 albums,1,Experimental
Female,3-4 albums,3,Fado
Female,3-4 albums,18,Folk
Female,3-4 albums,4,Folk Rock
Female,3-4 albums,1,Folktronica
Female,3-4 albums,1,Freestyle
Female,3-4 albums,4,French Pop
Female,3-4 albums,1,Funk
Female,3-4 albums,5,Gospel
Female,3-4 albums,1,Gothic Rock
Female,3-4 albums,1,Grime
Female,3-4 albums,1,Happy Hardcore
Female,3-4 albums,8,Hip Hop
Female,3-4 albums,1,House
Female,3-4 albums,4,Indie Folk
Female,3-4 albums,4,Indie Pop
Female,3-4 albums,2,Indie Rock
Female,3-4 albums,1,Indietronica
Female,3-4 albums,4,J-Pop
Female,3-4 albums,4,Jazz
Female,3-4 albums,1,Jovem Guarda
Female,3-4 albums,1,Latin
Female,3-4 albums,6,Latin Pop
Female,3-4 albums,4,MPB
Female,3-4 albums,1,Neo Soul
Female,3-4 albums,1,Opera
Female,3-4 albums,1,Operatic Pop
Female,3-4 albums,1,Piano Rock
Female,3-4 albums,76,Pop
Female,3-4 albums,15,Pop Rock
Female,3-4 albums,1,Progressive Rock
Female,3-4 albums,36,R&amp;B
Female,3-4 albums,1,Reggae
Female,3-4 albums,14,Rock
Female,3-4 albums,1,Rockabilly
Female,3-4 albums,2,Schlager
Female,3-4 albums,2,Singer-Songwriter
Female,3-4 albums,1,Smooth Jazz
Female,3-4 albums,1,Soft Rock
Female,3-4 albums,10,Soul
Female,3-4 albums,1,Soundtrack
Female,3-4 albums,1,Symphonic Metal
Female,3-4 albums,2,Synthpop
Female,3-4 albums,1,Techno
Female,3-4 albums,1,Teen Pop
Female,3-4 albums,1,Trance
Female,3-4 albums,1,Vocal
Female,3-4 albums,3,Vocal Jazz
Female,3-4 albums,370,unknown_genre
Female,5-6 albums,1,Alternative Country
Female,5-6 albums,4,Alternative Rock
Female,5-6 albums,1,Art Rock
Female,5-6 albums,1,Bluegrass
Female,5-6 albums,2,Bossa Nova
Female,5-6 albums,1,Celtic
Female,5-6 albums,4,Chanson
Female,5-6 albums,1,Children&apos;s Music
Female,5-6 albums,3,Contemporary Christian
Female,5-6 albums,1,Contemporary Folk
Female,5-6 albums,20,Country
Female,5-6 albums,1,Country Pop
Female,5-6 albums,1,Dance-Pop
Female,5-6 albums,1,Dark Cabaret
Female,5-6 albums,1,Disco
Female,5-6 albums,1,Dream Pop
Female,5-6 albums,1,Electronic
Female,5-6 albums,1,Electronica
Female,5-6 albums,1,Europop
Female,5-6 albums,7,Folk
Female,5-6 albums,1,Folk Rock
Female,5-6 albums,3,French Pop
Female,5-6 albums,3,Gospel
Female,5-6 albums,1,Gothic
Female,5-6 albums,1,Happy Hardcore
Female,5-6 albums,1,Hard Rock
Female,5-6 albums,2,Hip Hop
Female,5-6 albums,2,Indie Folk
Female,5-6 albums,5,Indie Pop
Female,5-6 albums,1,Indie Rock
Female,5-6 albums,3,J-Pop
Female,5-6 albums,3,Jazz
Female,5-6 albums,2,Latin
Female,5-6 albums,3,Latin Pop
Female,5-6 albums,2,MPB
Female,5-6 albums,1,Neo Soul
Female,5-6 albums,40,Pop
Female,5-6 albums,6,Pop Rock
Female,5-6 albums,1,Psychedelic Rock
Female,5-6 albums,11,R&amp;B
Female,5-6 albums,1,Ranchera
Female,5-6 albums,4,Rock
Female,5-6 albums,1,Salsa
Female,5-6 albums,1,Samba-Can&#xE7;&#xE3;o
Female,5-6 albums,6,Schlager
Female,5-6 albums,1,Sertanejo
Female,5-6 albums,1,Singer-Songwriter
Female,5-6 albums,5,Soul
Female,5-6 albums,1,Vocal
Female,5-6 albums,1,Vocal Jazz
Female,5-6 albums,1,Worship
Female,5-6 albums,131,unknown_genre
Female,7-8 albums,1,Alternative Country
Female,7-8 albums,4,Alternative Rock
Female,7-8 albums,1,Ambient
Female,7-8 albums,1,Americana
Female,7-8 albums,1,Ballad
Female,7-8 albums,3,Blues
Female,7-8 albums,1,Chanson
Female,7-8 albums,3,Contemporary Christian
Female,7-8 albums,7,Country
Female,7-8 albums,1,Eurodance
Female,7-8 albums,1,Fado
Female,7-8 albums,1,Flamenco
Female,7-8 albums,4,Folk
Female,7-8 albums,1,Folk Rock
Female,7-8 albums,2,French Pop
Female,7-8 albums,3,Gospel
Female,7-8 albums,1,J-Pop
Female,7-8 albums,2,Jazz
Female,7-8 albums,2,Latin Pop
Female,7-8 albums,1,MPB
Female,7-8 albums,25,Pop
Female,7-8 albums,3,Pop Rock
Female,7-8 albums,3,R&amp;B
Female,7-8 albums,4,Rock
Female,7-8 albums,2,Schlager
Female,7-8 albums,1,Vocal
Female,7-8 albums,75,unknown_genre
Female,9-10 albums,1,Acoustic
Female,9-10 albums,2,Adult Alternative
Female,9-10 albums,1,Alternative Rock
Female,9-10 albums,1,Blues
Female,9-10 albums,2,Contemporary Christian
Female,9-10 albums,2,Country
Female,9-10 albums,1,Disco
Female,9-10 albums,5,Folk
Female,9-10 albums,1,Folk Rock
Female,9-10 albums,1,Latin
Female,9-10 albums,5,Latin Pop
Female,9-10 albums,1,MPB
Female,9-10 albums,15,Pop
Female,9-10 albums,1,Pop Rock
Female,9-10 albums,3,R&amp;B
Female,9-10 albums,3,Rock
Female,9-10 albums,1,Tango
Female,9-10 albums,2,Vocal
Female,9-10 albums,39,unknown_genre
Female,>10 albums,2,Alternative Rock
Female,>10 albums,1,Ax&#xE9;
Female,>10 albums,2,Blues
Female,>10 albums,1,Bossa Nova
Female,>10 albums,6,Chanson
Female,>10 albums,1,Children&apos;s Music
Female,>10 albums,27,Country
Female,>10 albums,1,Fado
Female,>10 albums,6,Folk
Female,>10 albums,1,Folk Rock
Female,>10 albums,1,Francophone
Female,>10 albums,1,French Pop
Female,>10 albums,3,Indie Rock
Female,>10 albums,7,Jazz
Female,>10 albums,1,Latin
Female,>10 albums,5,Latin Pop
Female,>10 albums,7,MPB
Female,>10 albums,1,Morna
Female,>10 albums,2,New Age
Female,>10 albums,1,New Wave
Female,>10 albums,49,Pop
Female,>10 albums,5,Pop Rock
Female,>10 albums,1,Pop-Folk
Female,>10 albums,1,Progressive Rock
Female,>10 albums,1,Punk Rock
Female,>10 albums,5,R&amp;B
Female,>10 albums,4,Rock
Female,>10 albums,1,Rockabilly
Female,>10 albums,3,Schlager
Female,>10 albums,4,Soul
Female,>10 albums,4,Vocal
Female,>10 albums,1,Vocal Jazz
Female,>10 albums,57,unknown_genre
Male,1-2 albums,1,A Cappella
Male,1-2 albums,2,Acid Jazz
Male,1-2 albums,1,Acid Techno
Male,1-2 albums,35,Acoustic
Male,1-2 albums,6,Adult Alternative
Male,1-2 albums,8,Adult Contemporary
Male,1-2 albums,10,Alternative Country
Male,1-2 albums,1,Alternative Dance
Male,1-2 albums,23,Alternative Hip Hop
Male,1-2 albums,87,Alternative Rock
Male,1-2 albums,11,Ambient
Male,1-2 albums,11,Americana
Male,1-2 albums,3,Anti-Folk
Male,1-2 albums,12,Art Rock
Male,1-2 albums,1,Australian Hip Hop
Male,1-2 albums,1,Austropop
Male,1-2 albums,1,Avant-Pop
Male,1-2 albums,10,Avant-garde
Male,1-2 albums,1,Bai&#xE3;o
Male,1-2 albums,6,Ballad
Male,1-2 albums,5,Baroque Pop
Male,1-2 albums,1,Beatbox
Male,1-2 albums,1,Bhangra
Male,1-2 albums,2,Big Band
Male,1-2 albums,2,Big Beat
Male,1-2 albums,3,Black Metal
Male,1-2 albums,3,Blue-Eyed Soul
Male,1-2 albums,9,Bluegrass
Male,1-2 albums,67,Blues
Male,1-2 albums,27,Blues Rock
Male,1-2 albums,3,Bolero
Male,1-2 albums,1,Boogie Woogie
Male,1-2 albums,9,Bossa Nova
Male,1-2 albums,5,Brazilian
Male,1-2 albums,1,Brazilian Rock
Male,1-2 albums,2,Breakbeat
Male,1-2 albums,1,Breakcore
Male,1-2 albums,1,Britpop
Male,1-2 albums,3,Cabaret
Male,1-2 albums,4,Calypso
Male,1-2 albums,1,Canadian Hip Hop
Male,1-2 albums,2,Canterbury
Male,1-2 albums,6,Celtic
Male,1-2 albums,1,Celtic Rock
Male,1-2 albums,57,Chanson
Male,1-2 albums,1,Chanson&#x200E;
Male,1-2 albums,1,Chicago Blues
Male,1-2 albums,17,Children&apos;s Music
Male,1-2 albums,3,Chill-out
Male,1-2 albums,2,Chillwave
Male,1-2 albums,2,Chiptune
Male,1-2 albums,7,Christian
Male,1-2 albums,6,Christian Hip Hop
Male,1-2 albums,3,Christian Metal
Male,1-2 albums,10,Christian Rock
Male,1-2 albums,96,Christmas
Male,1-2 albums,3,Classic Pop
Male,1-2 albums,7,Classic Rock
Male,1-2 albums,24,Classical
Male,1-2 albums,33,Comedy
Male,1-2 albums,2,Comedy Rock
Male,1-2 albums,24,Contemporary Christian
Male,1-2 albums,3,Contemporary Folk
Male,1-2 albums,2,Contemporary R&amp;B
Male,1-2 albums,109,Country
Male,1-2 albums,3,Country Blues
Male,1-2 albums,4,Country Pop
Male,1-2 albums,15,Country Rock
Male,1-2 albums,3,Crossover
Male,1-2 albums,7,Crunk
Male,1-2 albums,1,Crust Punk
Male,1-2 albums,28,Dance
Male,1-2 albums,9,Dance-Pop
Male,1-2 albums,1,Dance-Rock
Male,1-2 albums,6,Dancehall
Male,1-2 albums,2,Dark Ambient
Male,1-2 albums,1,Dark Cabaret
Male,1-2 albums,1,Dark Wave
Male,1-2 albums,2,Death Metal
Male,1-2 albums,1,Deathcore
Male,1-2 albums,13,Deep House
Male,1-2 albums,1,Deep House&#x200E;
Male,1-2 albums,3,Deutschrock
Male,1-2 albums,18,Disco
Male,1-2 albums,1,Doo-wop
Male,1-2 albums,2,Downtempo
Male,1-2 albums,4,Dream Pop
Male,1-2 albums,6,Drum And Bass
Male,1-2 albums,2,Dub
Male,1-2 albums,13,Dubstep
Male,1-2 albums,1,EBM
Male,1-2 albums,10,EDM
Male,1-2 albums,19,East Coast Hip Hop
Male,1-2 albums,6,Easy Listening
Male,1-2 albums,1,Electric Blues
Male,1-2 albums,4,Electro
Male,1-2 albums,14,Electro House
Male,1-2 albums,1,Electro Swing
Male,1-2 albums,1,Electro-Industrial
Male,1-2 albums,103,Electronic
Male,1-2 albums,6,Electronic Rock
Male,1-2 albums,35,Electronica
Male,1-2 albums,15,Electropop
Male,1-2 albums,1,Electropunk
Male,1-2 albums,1,Emo
Male,1-2 albums,1,Ethereal Wave
Male,1-2 albums,1,Eurobeat
Male,1-2 albums,9,Eurodance
Male,1-2 albums,7,Europop
Male,1-2 albums,15,Experimental
Male,1-2 albums,7,Experimental Rock
Male,1-2 albums,1,Extreme Metal
Male,1-2 albums,1,Filk
Male,1-2 albums,2,Flamenco
Male,1-2 albums,150,Folk
Male,1-2 albums,1,Folk Punk
Male,1-2 albums,103,Folk Rock
Male,1-2 albums,3,Folktronica
Male,1-2 albums,4,Forr&#xF3;
Male,1-2 albums,5,Francophone
Male,1-2 albums,1,Freak Folk
Male,1-2 albums,1,Free Jazz
Male,1-2 albums,9,Freestyle
Male,1-2 albums,3,French Hip Hop
Male,1-2 albums,1,French House
Male,1-2 albums,8,French Pop
Male,1-2 albums,32,Funk
Male,1-2 albums,1,Funk Melody
Male,1-2 albums,4,Funk Rock
Male,1-2 albums,2,Futurepop
Male,1-2 albums,2,G-Funk
Male,1-2 albums,2,Gabber
Male,1-2 albums,25,Gangsta Rap
Male,1-2 albums,1,Garage Rock
Male,1-2 albums,2,Glam Metal
Male,1-2 albums,4,Glam Rock
Male,1-2 albums,1,Glitch
Male,1-2 albums,1,Glitch Hop
Male,1-2 albums,31,Gospel
Male,1-2 albums,2,Gothic Rock
Male,1-2 albums,7,Grime
Male,1-2 albums,1,Grunge
Male,1-2 albums,1,Gypsy Jazz
Male,1-2 albums,3,Happy Hardcore
Male,1-2 albums,1,Hard Bop
Male,1-2 albums,28,Hard Rock
Male,1-2 albums,4,Hardcore Hip Hop
Male,1-2 albums,2,Hardcore Punk
Male,1-2 albums,2,Heartland Rock
Male,1-2 albums,17,Heavy Metal
Male,1-2 albums,397,Hip Hop
Male,1-2 albums,3,Hip House
Male,1-2 albums,1,Horror Punk
Male,1-2 albums,2,Horrorcore
Male,1-2 albums,24,House
Male,1-2 albums,3,IDM
Male,1-2 albums,25,Indie
Male,1-2 albums,32,Indie Folk
Male,1-2 albums,2,Indie Folk&#x200E;
Male,1-2 albums,40,Indie Pop
Male,1-2 albums,93,Indie Rock
Male,1-2 albums,2,Indietronica
Male,1-2 albums,11,Industrial
Male,1-2 albums,5,Industrial Metal
Male,1-2 albums,4,Industrial Rock
Male,1-2 albums,5,Instrumental Rock
Male,1-2 albums,1,Italian Folk
Male,1-2 albums,7,Italo Disco
Male,1-2 albums,3,J-Pop
Male,1-2 albums,2,J-Rock
Male,1-2 albums,1,Jangle Pop
Male,1-2 albums,69,Jazz
Male,1-2 albums,12,Jazz Fusion
Male,1-2 albums,3,Jazz-Funk
Male,1-2 albums,2,Jovem Guarda
Male,1-2 albums,1,K-Pop
Male,1-2 albums,1,Lambada
Male,1-2 albums,19,Latin
Male,1-2 albums,2,Latin Jazz
Male,1-2 albums,17,Latin Pop
Male,1-2 albums,3,Latin Rock
Male,1-2 albums,7,Lo-Fi
Male,1-2 albums,1,Lounge Music
Male,1-2 albums,28,MPB
Male,1-2 albums,1,Mandopop
Male,1-2 albums,1,Mariachi
Male,1-2 albums,2,Medieval
Male,1-2 albums,2,Melodic Death Metal
Male,1-2 albums,1,Merengue
Male,1-2 albums,1,Metalcore
Male,1-2 albums,3,Midwest Rap
Male,1-2 albums,1,Milonga
Male,1-2 albums,3,Minimal
Male,1-2 albums,1,Minimal Techno
Male,1-2 albums,1,Mixed
Male,1-2 albums,6,Modern Classical
Male,1-2 albums,6,Musical
Male,1-2 albums,7,Neo Soul
Male,1-2 albums,1,Neo-Progressive Rock
Male,1-2 albums,2,Neo-Psychedelia
Male,1-2 albums,1,Neoclassical
Male,1-2 albums,1,Neofolk
Male,1-2 albums,1,Nerdcore Hip Hop
Male,1-2 albums,1,Neue Deutsche Welle
Male,1-2 albums,7,New Age
Male,1-2 albums,4,New Jack Swing
Male,1-2 albums,28,New Wave
Male,1-2 albums,2,Noise
Male,1-2 albums,1,Noise Rock
Male,1-2 albums,2,Novelty
Male,1-2 albums,1,Nu Jazz
Male,1-2 albums,1,Nu Metal
Male,1-2 albums,5,Opera
Male,1-2 albums,2,Operatic Pop
Male,1-2 albums,5,Orchestral
Male,1-2 albums,1,Outlaw Country
Male,1-2 albums,1,Outsider Music
Male,1-2 albums,1,Parody
Male,1-2 albums,1,Piano Rock
Male,1-2 albums,1,Pimba
Male,1-2 albums,1,Political Hip Hop
Male,1-2 albums,377,Pop
Male,1-2 albums,2,Pop Punk
Male,1-2 albums,178,Pop Rock
Male,1-2 albums,1,Pop Rock&#x200E;
Male,1-2 albums,2,Pop-Rap
Male,1-2 albums,1,Post-Grunge
Male,1-2 albums,2,Post-Hardcore
Male,1-2 albums,6,Post-Punk
Male,1-2 albums,1,Post-Punk Revival
Male,1-2 albums,2,Post-Rock
Male,1-2 albums,5,Power Metal
Male,1-2 albums,1,Power Noise
Male,1-2 albums,7,Power Pop
Male,1-2 albums,1,Progressive Folk
Male,1-2 albums,6,Progressive House
Male,1-2 albums,4,Progressive Metal
Male,1-2 albums,38,Progressive Rock
Male,1-2 albums,2,Progressive Trance
Male,1-2 albums,5,Protest Song
Male,1-2 albums,1,Protopunk
Male,1-2 albums,1,Psych Folk
Male,1-2 albums,2,Psychedelic
Male,1-2 albums,1,Psychedelic Folk
Male,1-2 albums,4,Psychedelic Pop
Male,1-2 albums,14,Psychedelic Rock
Male,1-2 albums,1,Psychedelic Trance
Male,1-2 albums,16,Punk Rock
Male,1-2 albums,89,R&amp;B
Male,1-2 albums,2,Ranchera
Male,1-2 albums,2,Rap Metal
Male,1-2 albums,6,Rap Rock
Male,1-2 albums,44,Reggae
Male,1-2 albums,6,Reggae Fusion
Male,1-2 albums,1,Reggae&#x200F;&#x200E;
Male,1-2 albums,11,Reggaeton
Male,1-2 albums,1,Regional Mexican
Male,1-2 albums,2,Religious
Male,1-2 albums,311,Rock
Male,1-2 albums,15,Rock &apos;N&apos; Roll
Male,1-2 albums,1,Rock &apos;N&apos; Roll&#x200E;
Male,1-2 albums,2,Rock Opera
Male,1-2 albums,7,Rockabilly
Male,1-2 albums,2,Roots
Male,1-2 albums,1,Roots Reggae
Male,1-2 albums,4,Salsa
Male,1-2 albums,13,Samba
Male,1-2 albums,33,Schlager
Male,1-2 albums,3,Sertanejo
Male,1-2 albums,37,Singer-Songwriter
Male,1-2 albums,1,Singer-Songwriter&#x200E;
Male,1-2 albums,3,Ska
Male,1-2 albums,1,Slam
Male,1-2 albums,1,Smooth Jazz
Male,1-2 albums,34,Soft Rock
Male,1-2 albums,69,Soul
Male,1-2 albums,1,Soul Jazz
Male,1-2 albums,22,Soundtrack
Male,1-2 albums,29,Southern Hip Hop
Male,1-2 albums,3,Southern Rock
Male,1-2 albums,2,Space Rock
Male,1-2 albums,1,Speedcore
Male,1-2 albums,5,Spoken Word
Male,1-2 albums,1,Steampunk
Male,1-2 albums,1,Stoner Rock
Male,1-2 albums,1,Surf Rock
Male,1-2 albums,6,Swing
Male,1-2 albums,1,Swiss Rock
Male,1-2 albums,2,Symphonic Metal
Male,1-2 albums,1,Symphonic Metal&#x200E;
Male,1-2 albums,2,Symphonic Rock
Male,1-2 albums,24,Synthpop
Male,1-2 albums,2,Tech House
Male,1-2 albums,8,Techno
Male,1-2 albums,6,Teen Pop
Male,1-2 albums,3,Thrash Metal
Male,1-2 albums,16,Trance
Male,1-2 albums,3,Trap
Male,1-2 albums,5,Trip Hop
Male,1-2 albums,1,Tropicalismo
Male,1-2 albums,2,Trova
Male,1-2 albums,10,Underground Hip Hop
Male,1-2 albums,19,Vocal
Male,1-2 albums,6,Vocal Jazz
Male,1-2 albums,6,Volkslied
Male,1-2 albums,1,Volksmusik
Male,1-2 albums,1,Volkst&#xFC;mlich
Male,1-2 albums,21,West Coast Hip Hop
Male,1-2 albums,5,World Music
Male,1-2 albums,2,Worldbeat
Male,1-2 albums,7,Worship
Male,1-2 albums,11915,unknown_genre
Male,3-4 albums,3,Acoustic
Male,3-4 albums,1,Adult Alternative
Male,3-4 albums,3,Adult Contemporary
Male,3-4 albums,1,Alpine Rock
Male,3-4 albums,2,Alternative Country
Male,3-4 albums,4,Alternative Hip Hop
Male,3-4 albums,7,Alternative Rock
Male,3-4 albums,3,Ambient
Male,3-4 albums,1,Americana
Male,3-4 albums,1,Anti-Folk
Male,3-4 albums,1,Art Rock
Male,3-4 albums,1,Ax&#xE9;
Male,3-4 albums,1,Banda
Male,3-4 albums,1,Baroque Pop
Male,3-4 albums,1,Black Metal
Male,3-4 albums,1,Bluegrass
Male,3-4 albums,12,Blues
Male,3-4 albums,3,Blues Rock
Male,3-4 albums,2,Bossa Nova
Male,3-4 albums,1,Brazilian Rock
Male,3-4 albums,1,Brega
Male,3-4 albums,1,Cabaret
Male,3-4 albums,1,Celtic
Male,3-4 albums,11,Chanson
Male,3-4 albums,1,Children&apos;s Music
Male,3-4 albums,4,Christian
Male,3-4 albums,5,Christian Hip Hop
Male,3-4 albums,2,Christian Rock
Male,3-4 albums,3,Christmas
Male,3-4 albums,2,Classical
Male,3-4 albums,6,Comedy
Male,3-4 albums,5,Contemporary Christian
Male,3-4 albums,38,Country
Male,3-4 albums,1,Country Rap
Male,3-4 albums,1,Cumbia
Male,3-4 albums,2,Dance
Male,3-4 albums,1,Dancehall
Male,3-4 albums,1,Delta Blues
Male,3-4 albums,1,Disco
Male,3-4 albums,1,Dream Pop
Male,3-4 albums,1,Drum And Bass
Male,3-4 albums,2,Dubstep
Male,3-4 albums,1,EBM
Male,3-4 albums,1,East Coast Hip Hop
Male,3-4 albums,1,Electro House
Male,3-4 albums,9,Electronic
Male,3-4 albums,1,Electronica
Male,3-4 albums,2,Electropop
Male,3-4 albums,1,Electropunk
Male,3-4 albums,1,Eurodance
Male,3-4 albums,1,Europop
Male,3-4 albums,1,Experimental
Male,3-4 albums,1,Experimental Pop
Male,3-4 albums,21,Folk
Male,3-4 albums,17,Folk Rock
Male,3-4 albums,1,Francophone
Male,3-4 albums,1,Freak Folk
Male,3-4 albums,1,Freestyle
Male,3-4 albums,4,French Pop
Male,3-4 albums,3,Funk
Male,3-4 albums,7,Gangsta Rap
Male,3-4 albums,3,Garage Rock
Male,3-4 albums,2,Glam Rock
Male,3-4 albums,2,Gospel
Male,3-4 albums,1,Gothic
Male,3-4 albums,1,Grime
Male,3-4 albums,4,Hard Rock
Male,3-4 albums,1,Hardcore Hip Hop
Male,3-4 albums,2,Heavy Metal
Male,3-4 albums,82,Hip Hop
Male,3-4 albums,2,Horrorcore
Male,3-4 albums,1,House
Male,3-4 albums,1,IDM
Male,3-4 albums,3,Indie
Male,3-4 albums,3,Indie Folk
Male,3-4 albums,3,Indie Pop
Male,3-4 albums,19,Indie Rock
Male,3-4 albums,2,Instrumental Rock
Male,3-4 albums,2,J-Pop
Male,3-4 albums,1,J-Rock
Male,3-4 albums,6,Jazz
Male,3-4 albums,1,Jazz Fusion
Male,3-4 albums,1,Klezmer
Male,3-4 albums,1,Krautrock
Male,3-4 albums,5,Latin
Male,3-4 albums,11,Latin Pop
Male,3-4 albums,1,Latin Rock
Male,3-4 albums,1,Lo-Fi
Male,3-4 albums,3,MPB
Male,3-4 albums,1,Midwest Rap
Male,3-4 albums,1,Minimal
Male,3-4 albums,1,Musical
Male,3-4 albums,3,Neo Soul
Male,3-4 albums,1,Neo Soul&#x200E;
Male,3-4 albums,1,Neofolk
Male,3-4 albums,4,New Wave
Male,3-4 albums,1,Oldies
Male,3-4 albums,50,Pop
Male,3-4 albums,32,Pop Rock
Male,3-4 albums,1,Progressive Folk
Male,3-4 albums,4,Progressive Rock
Male,3-4 albums,2,Protest Song
Male,3-4 albums,1,Psychedelic Rock
Male,3-4 albums,1,Punk Rock
Male,3-4 albums,31,R&amp;B
Male,3-4 albums,1,Ragga
Male,3-4 albums,7,Reggae
Male,3-4 albums,2,Reggaeton
Male,3-4 albums,1,Regional Mexican
Male,3-4 albums,59,Rock
Male,3-4 albums,4,Rock &apos;N&apos; Roll
Male,3-4 albums,1,Salsa
Male,3-4 albums,6,Schlager
Male,3-4 albums,1,Sertanejo
Male,3-4 albums,2,Singer-Songwriter
Male,3-4 albums,1,Smooth Jazz
Male,3-4 albums,4,Soft Rock
Male,3-4 albums,6,Soul
Male,3-4 albums,6,Southern Hip Hop
Male,3-4 albums,3,Synthpop
Male,3-4 albums,4,Trance
Male,3-4 albums,1,Trova
Male,3-4 albums,4,Vocal
Male,3-4 albums,1,Volkslied
Male,3-4 albums,5,West Coast Hip Hop
Male,3-4 albums,1,World Music
Male,3-4 albums,1,Worship
Male,3-4 albums,720,unknown_genre
Male,5-6 albums,1,Adult Alternative
Male,5-6 albums,1,Adult Contemporary
Male,5-6 albums,1,Afrobeat
Male,5-6 albums,1,Aggrotech
Male,5-6 albums,3,Alternative Country
Male,5-6 albums,4,Alternative Hip Hop
Male,5-6 albums,6,Alternative Rock
Male,5-6 albums,1,Ambient
Male,5-6 albums,1,Americana
Male,5-6 albums,1,Art Rock
Male,5-6 albums,1,Bai&#xE3;o
Male,5-6 albums,1,Baroque Pop
Male,5-6 albums,9,Blues
Male,5-6 albums,1,Bossa Nova
Male,5-6 albums,1,Cabaret
Male,5-6 albums,1,Candombe
Male,5-6 albums,1,Canterbury
Male,5-6 albums,7,Chanson
Male,5-6 albums,2,Christian Hip Hop
Male,5-6 albums,1,Christian Rock
Male,5-6 albums,5,Comedy
Male,5-6 albums,5,Contemporary Christian
Male,5-6 albums,1,Contemporary Folk
Male,5-6 albums,24,Country
Male,5-6 albums,1,Country Blues
Male,5-6 albums,1,Dance
Male,5-6 albums,1,Dancehall
Male,5-6 albums,1,Dark Ambient
Male,5-6 albums,1,Deutschrock
Male,5-6 albums,1,Drum And Bass
Male,5-6 albums,1,EDM
Male,5-6 albums,1,Early Music
Male,5-6 albums,1,Easy Listening
Male,5-6 albums,4,Electronic
Male,5-6 albums,1,Electronic Rock
Male,5-6 albums,2,Eurodance
Male,5-6 albums,2,Experimental
Male,5-6 albums,2,Flamenco
Male,5-6 albums,18,Folk
Male,5-6 albums,8,Folk Rock
Male,5-6 albums,2,French Hip Hop
Male,5-6 albums,3,Funk
Male,5-6 albums,2,Gangsta Rap
Male,5-6 albums,1,Glam Rock
Male,5-6 albums,1,Gospel
Male,5-6 albums,3,Hard Rock
Male,5-6 albums,1,Heavy Metal
Male,5-6 albums,39,Hip Hop
Male,5-6 albums,1,House
Male,5-6 albums,1,IDM
Male,5-6 albums,1,Indie
Male,5-6 albums,3,Indie Folk
Male,5-6 albums,5,Indie Pop
Male,5-6 albums,7,Indie Rock
Male,5-6 albums,1,Industrial
Male,5-6 albums,1,Industrial Rock
Male,5-6 albums,1,Italo Disco
Male,5-6 albums,7,Jazz
Male,5-6 albums,1,Jazz Fusion
Male,5-6 albums,2,Jovem Guarda
Male,5-6 albums,1,Latin Hip Hop
Male,5-6 albums,2,Latin Pop
Male,5-6 albums,1,Latin Rock
Male,5-6 albums,3,MPB
Male,5-6 albums,1,Martial Industrial
Male,5-6 albums,1,Neofolk
Male,5-6 albums,1,Nerdcore Hip Hop
Male,5-6 albums,31,Pop
Male,5-6 albums,13,Pop Rock
Male,5-6 albums,1,Post-Punk
Male,5-6 albums,1,Power Pop
Male,5-6 albums,1,Progressive Folk
Male,5-6 albums,4,Progressive Rock
Male,5-6 albums,1,Protest Song
Male,5-6 albums,16,R&amp;B
Male,5-6 albums,1,Ranchera
Male,5-6 albums,3,Reggae
Male,5-6 albums,42,Rock
Male,5-6 albums,4,Rock &apos;N&apos; Roll
Male,5-6 albums,1,Salsa
Male,5-6 albums,1,Samba
Male,5-6 albums,3,Schlager
Male,5-6 albums,2,Singer-Songwriter
Male,5-6 albums,5,Soul
Male,5-6 albums,5,Southern Hip Hop
Male,5-6 albums,1,Sung Poetry
Male,5-6 albums,1,Swing
Male,5-6 albums,3,Synthpop
Male,5-6 albums,1,Thrash Metal
Male,5-6 albums,2,Trance
Male,5-6 albums,1,Underground Hip Hop
Male,5-6 albums,1,Vocal
Male,5-6 albums,2,West Coast Hip Hop
Male,5-6 albums,2,World Music
Male,5-6 albums,343,unknown_genre
Male,7-8 albums,1,Acoustic
Male,7-8 albums,1,Alternative Country
Male,7-8 albums,3,Alternative Rock
Male,7-8 albums,1,Ambient
Male,7-8 albums,1,Americana
Male,7-8 albums,1,Baroque Pop
Male,7-8 albums,2,Blues
Male,7-8 albums,2,Blues Rock
Male,7-8 albums,9,Chanson
Male,7-8 albums,1,Classical
Male,7-8 albums,2,Contemporary Christian
Male,7-8 albums,12,Country
Male,7-8 albums,1,Country Blues
Male,7-8 albums,2,Country Rock
Male,7-8 albums,1,Dancehall
Male,7-8 albums,1,EBM
Male,7-8 albums,4,Electronic
Male,7-8 albums,10,Folk
Male,7-8 albums,4,Folk Rock
Male,7-8 albums,1,Francophone
Male,7-8 albums,1,French Pop
Male,7-8 albums,2,Funk
Male,7-8 albums,1,Gangsta Rap
Male,7-8 albums,3,Gospel
Male,7-8 albums,1,Gothic Rock
Male,7-8 albums,3,Hard Rock
Male,7-8 albums,3,Heavy Metal
Male,7-8 albums,19,Hip Hop
Male,7-8 albums,1,Indie Pop
Male,7-8 albums,2,Indie Rock
Male,7-8 albums,2,Industrial Rock
Male,7-8 albums,1,Jazz
Male,7-8 albums,1,Jovem Guarda
Male,7-8 albums,2,Latin
Male,7-8 albums,3,Latin Pop
Male,7-8 albums,4,MPB
Male,7-8 albums,1,Midwest Rap
Male,7-8 albums,1,Nerdcore Hip Hop
Male,7-8 albums,1,New Age
Male,7-8 albums,1,New Wave
Male,7-8 albums,22,Pop
Male,7-8 albums,3,Pop Rock
Male,7-8 albums,1,Progressive House
Male,7-8 albums,1,Progressive Rock
Male,7-8 albums,1,Punk Rock
Male,7-8 albums,6,R&amp;B
Male,7-8 albums,3,Reggae
Male,7-8 albums,1,Reggaeton
Male,7-8 albums,1,Regional Mexican
Male,7-8 albums,22,Rock
Male,7-8 albums,2,Rock &apos;N&apos; Roll
Male,7-8 albums,7,Schlager
Male,7-8 albums,1,Singer-Songwriter
Male,7-8 albums,6,Soul
Male,7-8 albums,1,Southern Hip Hop
Male,7-8 albums,1,Symphonic Metal
Male,7-8 albums,1,Synthpop
Male,7-8 albums,1,Vocal
Male,7-8 albums,1,World Music
Male,7-8 albums,157,unknown_genre
Male,9-10 albums,1,Acoustic
Male,9-10 albums,1,Alternative Country
Male,9-10 albums,1,Alternative Rock
Male,9-10 albums,3,Blues
Male,9-10 albums,1,Blues Rock
Male,9-10 albums,1,Chanson
Male,9-10 albums,2,Comedy
Male,9-10 albums,3,Contemporary Christian
Male,9-10 albums,18,Country
Male,9-10 albums,1,Dance
Male,9-10 albums,4,Folk
Male,9-10 albums,7,Folk Rock
Male,9-10 albums,1,Freestyle
Male,9-10 albums,1,Gangsta Rap
Male,9-10 albums,18,Hip Hop
Male,9-10 albums,3,Indie Folk
Male,9-10 albums,1,Indie Pop
Male,9-10 albums,1,Indie Rock
Male,9-10 albums,1,Jazz
Male,9-10 albums,1,Latin
Male,9-10 albums,2,Latin Pop
Male,9-10 albums,1,M&#xFA;sica Popular Portuguesa
Male,9-10 albums,1,Merengue
Male,9-10 albums,1,Midwest Rap
Male,9-10 albums,1,Nerdcore Hip Hop
Male,9-10 albums,1,New Orleans Rhythm and Blues
Male,9-10 albums,17,Pop
Male,9-10 albums,10,Pop Rock
Male,9-10 albums,1,Progressive Metal
Male,9-10 albums,2,Progressive Rock
Male,9-10 albums,5,R&amp;B
Male,9-10 albums,1,Ragtime
Male,9-10 albums,25,Rock
Male,9-10 albums,3,Schlager
Male,9-10 albums,2,Soft Rock
Male,9-10 albums,1,Southern Hip Hop
Male,9-10 albums,1,Synthpop
Male,9-10 albums,1,Trova
Male,9-10 albums,1,West Coast Hip Hop
Male,9-10 albums,3,Worship
Male,9-10 albums,99,unknown_genre
Male,>10 albums,1,Acoustic
Male,>10 albums,1,Alternative Country
Male,>10 albums,4,Alternative Rock
Male,>10 albums,1,Americana
Male,>10 albums,1,Art Rock
Male,>10 albums,3,Austropop
Male,>10 albums,1,Black Metal
Male,>10 albums,16,Blues
Male,>10 albums,8,Blues Rock
Male,>10 albums,2,Brazilian Rock
Male,>10 albums,1,Breakcore
Male,>10 albums,1,Cabaret&#x200E;
Male,>10 albums,16,Chanson
Male,>10 albums,2,Classic Pop
Male,>10 albums,6,Contemporary Christian
Male,>10 albums,71,Country
Male,>10 albums,1,Dance
Male,>10 albums,1,Deutschrock
Male,>10 albums,1,EBM
Male,>10 albums,3,Easy Listening
Male,>10 albums,1,Electro House
Male,>10 albums,2,Electronic
Male,>10 albums,1,Electronica
Male,>10 albums,21,Folk
Male,>10 albums,10,Folk Rock
Male,>10 albums,3,Francophone
Male,>10 albums,5,French Pop
Male,>10 albums,1,French Pop&#x200E;
Male,>10 albums,1,Gospel
Male,>10 albums,1,Gothic Rock
Male,>10 albums,3,Hard Rock
Male,>10 albums,1,Hardcore Hip Hop
Male,>10 albums,2,Heavy Metal
Male,>10 albums,16,Hip Hop
Male,>10 albums,1,Indie
Male,>10 albums,2,Indie Folk
Male,>10 albums,2,Indie Pop
Male,>10 albums,3,Indie Rock
Male,>10 albums,1,Instrumental Rock
Male,>10 albums,9,Jazz
Male,>10 albums,3,Latin
Male,>10 albums,10,Latin Pop
Male,>10 albums,2,Latin Rock
Male,>10 albums,11,MPB
Male,>10 albums,1,Mariachi
Male,>10 albums,1,Nederpop
Male,>10 albums,1,New Wave
Male,>10 albums,50,Pop
Male,>10 albums,12,Pop Rock
Male,>10 albums,4,Progressive Rock
Male,>10 albums,1,Punk Rock
Male,>10 albums,11,R&amp;B
Male,>10 albums,1,Ranchera
Male,>10 albums,4,Reggae
Male,>10 albums,59,Rock
Male,>10 albums,3,Rock &apos;N&apos; Roll
Male,>10 albums,1,Roots
Male,>10 albums,3,Salsa
Male,>10 albums,2,Samba
Male,>10 albums,3,Schlager
Male,>10 albums,2,Soft Rock
Male,>10 albums,5,Soul
Male,>10 albums,1,Speed Metal
Male,>10 albums,1,Spoken Word
Male,>10 albums,1,Sung Poetry
Male,>10 albums,1,Trip Hop
Male,>10 albums,1,Trova
Male,>10 albums,1,Vocal
Male,>10 albums,240,unknown_genre
unknown_gender,1-2 albums,1,43:40
unknown_gender,1-2 albums,5,A Cappella
unknown_gender,1-2 albums,2,Acid House
unknown_gender,1-2 albums,6,Acid Jazz
unknown_gender,1-2 albums,2,Acid Rock
unknown_gender,1-2 albums,94,Acoustic
unknown_gender,1-2 albums,6,Adult Alternative
unknown_gender,1-2 albums,9,Adult Contemporary
unknown_gender,1-2 albums,9,Aggrotech
unknown_gender,1-2 albums,1,Alpine Rock
unknown_gender,1-2 albums,1,Alternative  Rock
unknown_gender,1-2 albums,26,Alternative Country
unknown_gender,1-2 albums,7,Alternative Dance
unknown_gender,1-2 albums,25,Alternative Hip Hop
unknown_gender,1-2 albums,94,Alternative Metal
unknown_gender,1-2 albums,744,Alternative Rock
unknown_gender,1-2 albums,34,Ambient
unknown_gender,1-2 albums,15,Americana
unknown_gender,1-2 albums,9,Anarcho-Punk
unknown_gender,1-2 albums,1,Anime
unknown_gender,1-2 albums,2,Art Pop
unknown_gender,1-2 albums,8,Art Punk
unknown_gender,1-2 albums,33,Art Rock
unknown_gender,1-2 albums,3,Australian Hip Hop
unknown_gender,1-2 albums,2,Austropop
unknown_gender,1-2 albums,1,Avant-Pop
unknown_gender,1-2 albums,9,Avant-garde
unknown_gender,1-2 albums,11,Avant-garde Metal
unknown_gender,1-2 albums,4,Ax&#xE9;
unknown_gender,1-2 albums,2,Bachata
unknown_gender,1-2 albums,1,Bakersfield Sound
unknown_gender,1-2 albums,5,Ballad
unknown_gender,1-2 albums,2,Banda
unknown_gender,1-2 albums,2,Bandanejo
unknown_gender,1-2 albums,18,Baroque Pop
unknown_gender,1-2 albums,5,Beat
unknown_gender,1-2 albums,1,Big Beat
unknown_gender,1-2 albums,185,Black Metal
unknown_gender,1-2 albums,5,Blue-Eyed Soul
unknown_gender,1-2 albums,17,Bluegrass
unknown_gender,1-2 albums,48,Blues
unknown_gender,1-2 albums,62,Blues Rock
unknown_gender,1-2 albums,1,Boogie Woogie
unknown_gender,1-2 albums,5,Bossa Nova
unknown_gender,1-2 albums,3,Brazilian
unknown_gender,1-2 albums,8,Brazilian Rock
unknown_gender,1-2 albums,7,Breakbeat
unknown_gender,1-2 albums,1,Breakcore
unknown_gender,1-2 albums,2,Brega
unknown_gender,1-2 albums,2,British Invasion
unknown_gender,1-2 albums,22,Britpop
unknown_gender,1-2 albums,13,Brutal Death Metal
unknown_gender,1-2 albums,1,Bubblegum Dance
unknown_gender,1-2 albums,3,Bubblegum Pop
unknown_gender,1-2 albums,3,Cabaret
unknown_gender,1-2 albums,1,Canadian Hip Hop
unknown_gender,1-2 albums,5,Canterbury
unknown_gender,1-2 albums,12,Celtic
unknown_gender,1-2 albums,2,Celtic Punk
unknown_gender,1-2 albums,11,Celtic Rock
unknown_gender,1-2 albums,1,Chamber Music
unknown_gender,1-2 albums,27,Chanson
unknown_gender,1-2 albums,26,Children&apos;s Music
unknown_gender,1-2 albums,1,Children&apos;s Music&#x200E;
unknown_gender,1-2 albums,1,Chill-out
unknown_gender,1-2 albums,2,Chillwave
unknown_gender,1-2 albums,7,Chiptune
unknown_gender,1-2 albums,2,Choral
unknown_gender,1-2 albums,59,Christian
unknown_gender,1-2 albums,3,Christian Hardcore
unknown_gender,1-2 albums,5,Christian Hip Hop
unknown_gender,1-2 albums,24,Christian Metal
unknown_gender,1-2 albums,3,Christian Punk
unknown_gender,1-2 albums,82,Christian Rock
unknown_gender,1-2 albums,1,Christian Ska
unknown_gender,1-2 albums,104,Christmas
unknown_gender,1-2 albums,3,Classic Pop
unknown_gender,1-2 albums,15,Classic Rock
unknown_gender,1-2 albums,11,Classical
unknown_gender,1-2 albums,41,Comedy
unknown_gender,1-2 albums,6,Comedy Rock
unknown_gender,1-2 albums,1,Comic Opera
unknown_gender,1-2 albums,52,Contemporary Christian
unknown_gender,1-2 albums,1,Contemporary Christian&#x200E;
unknown_gender,1-2 albums,2,Contemporary Folk
unknown_gender,1-2 albums,4,Contemporary R&amp;B
unknown_gender,1-2 albums,1,Cool Jazz
unknown_gender,1-2 albums,121,Country
unknown_gender,1-2 albums,1,Country Blues
unknown_gender,1-2 albums,1,Country Pop
unknown_gender,1-2 albums,29,Country Rock
unknown_gender,1-2 albums,3,Cowpunk
unknown_gender,1-2 albums,4,Crack Rock Steady
unknown_gender,1-2 albums,2,Crossover
unknown_gender,1-2 albums,2,Crossover Thrash
unknown_gender,1-2 albums,2,Crunk
unknown_gender,1-2 albums,3,Crunkcore
unknown_gender,1-2 albums,8,Crust Punk
unknown_gender,1-2 albums,1,Cuarteto
unknown_gender,1-2 albums,3,Cumbia
unknown_gender,1-2 albums,61,Dance
unknown_gender,1-2 albums,17,Dance Punk
unknown_gender,1-2 albums,22,Dance-Pop
unknown_gender,1-2 albums,2,Dance-Rock
unknown_gender,1-2 albums,6,Dancehall
unknown_gender,1-2 albums,3,Dark Ambient
unknown_gender,1-2 albums,10,Dark Electro
unknown_gender,1-2 albums,8,Dark Metal
unknown_gender,1-2 albums,3,Dark Rock
unknown_gender,1-2 albums,32,Dark Wave
unknown_gender,1-2 albums,2,Dark Wave&#x200F;&#x200E;
unknown_gender,1-2 albums,1,Death  Metal
unknown_gender,1-2 albums,2,Death &apos;n&apos; Roll
unknown_gender,1-2 albums,204,Death Metal
unknown_gender,1-2 albums,68,Deathcore
unknown_gender,1-2 albums,2,Deathrock
unknown_gender,1-2 albums,7,Deep House
unknown_gender,1-2 albums,4,Deutschpunk
unknown_gender,1-2 albums,18,Deutschrock
unknown_gender,1-2 albums,1,Digital Hardcore
unknown_gender,1-2 albums,46,Disco
unknown_gender,1-2 albums,1,Disco House
unknown_gender,1-2 albums,3,Djent
unknown_gender,1-2 albums,4,Doo-wop
unknown_gender,1-2 albums,105,Doom Metal
unknown_gender,1-2 albums,10,Downtempo
unknown_gender,1-2 albums,29,Dream Pop
unknown_gender,1-2 albums,2,Drone Music
unknown_gender,1-2 albums,7,Drum And Bass
unknown_gender,1-2 albums,1,Drumstep
unknown_gender,1-2 albums,8,Dub
unknown_gender,1-2 albums,14,Dubstep
unknown_gender,1-2 albums,59,EBM
unknown_gender,1-2 albums,6,EDM
unknown_gender,1-2 albums,11,East Coast Hip Hop
unknown_gender,1-2 albums,5,Easy Listening
unknown_gender,1-2 albums,38,Electro
unknown_gender,1-2 albums,7,Electro House
unknown_gender,1-2 albums,3,Electro Swing
unknown_gender,1-2 albums,3,Electro-Industrial
unknown_gender,1-2 albums,6,Electroclash
unknown_gender,1-2 albums,278,Electronic
unknown_gender,1-2 albums,43,Electronic Rock
unknown_gender,1-2 albums,1,Electronic&#x200E;
unknown_gender,1-2 albums,88,Electronica
unknown_gender,1-2 albums,11,Electronicore
unknown_gender,1-2 albums,38,Electropop
unknown_gender,1-2 albums,6,Electropunk
unknown_gender,1-2 albums,73,Emo
unknown_gender,1-2 albums,1,Eurobeat
unknown_gender,1-2 albums,36,Eurodance
unknown_gender,1-2 albums,15,Europop
unknown_gender,1-2 albums,51,Experimental
unknown_gender,1-2 albums,2,Experimental Hip Hop
unknown_gender,1-2 albums,1,Experimental Pop
unknown_gender,1-2 albums,61,Experimental Rock
unknown_gender,1-2 albums,3,Extreme Metal
unknown_gender,1-2 albums,2,Fado
unknown_gender,1-2 albums,2,Filk
unknown_gender,1-2 albums,1,Flamenco
unknown_gender,1-2 albums,185,Folk
unknown_gender,1-2 albums,45,Folk Metal
unknown_gender,1-2 albums,9,Folk Punk
unknown_gender,1-2 albums,168,Folk Rock
unknown_gender,1-2 albums,1,Folktronica
unknown_gender,1-2 albums,3,Forr&#xF3;
unknown_gender,1-2 albums,8,Francophone
unknown_gender,1-2 albums,48,Freestyle
unknown_gender,1-2 albums,1,French House
unknown_gender,1-2 albums,3,French Pop
unknown_gender,1-2 albums,58,Funk
unknown_gender,1-2 albums,5,Funk Melody
unknown_gender,1-2 albums,14,Funk Metal
unknown_gender,1-2 albums,15,Funk Rock
unknown_gender,1-2 albums,13,Futurepop
unknown_gender,1-2 albums,1,G-Funk
unknown_gender,1-2 albums,1,Gabber
unknown_gender,1-2 albums,15,Gangsta Rap
unknown_gender,1-2 albums,6,Garage Punk
unknown_gender,1-2 albums,60,Garage Rock
unknown_gender,1-2 albums,44,Glam Metal
unknown_gender,1-2 albums,21,Glam Rock
unknown_gender,1-2 albums,1,Glitch
unknown_gender,1-2 albums,1,Glitch Hop
unknown_gender,1-2 albums,1,Goa Trance
unknown_gender,1-2 albums,7,Goregrind
unknown_gender,1-2 albums,32,Gospel
unknown_gender,1-2 albums,29,Gothic
unknown_gender,1-2 albums,76,Gothic Metal
unknown_gender,1-2 albums,55,Gothic Rock
unknown_gender,1-2 albums,1,Gothic Rock&#x200F;&#x200E;
unknown_gender,1-2 albums,1,Grime
unknown_gender,1-2 albums,41,Grindcore
unknown_gender,1-2 albums,34,Groove Metal
unknown_gender,1-2 albums,22,Grunge
unknown_gender,1-2 albums,1,Grupero
unknown_gender,1-2 albums,1,Gypsy Jazz
unknown_gender,1-2 albums,2,Gypsy Punk
unknown_gender,1-2 albums,1,Happy Hardcore
unknown_gender,1-2 albums,270,Hard Rock
unknown_gender,1-2 albums,1,Hard Trance
unknown_gender,1-2 albums,7,Hardcore Hip Hop
unknown_gender,1-2 albums,189,Hardcore Punk
unknown_gender,1-2 albums,1,Hardstyle
unknown_gender,1-2 albums,1,Harmonica Blues
unknown_gender,1-2 albums,1,Hatecore
unknown_gender,1-2 albums,1,Hawaiian
unknown_gender,1-2 albums,415,Heavy Metal
unknown_gender,1-2 albums,1,Hi-NRG
unknown_gender,1-2 albums,414,Hip Hop
unknown_gender,1-2 albums,1,Hip House
unknown_gender,1-2 albums,15,Horror Punk
unknown_gender,1-2 albums,1,Horror Punk&#x200F;&#x200E;
unknown_gender,1-2 albums,9,Horrorcore
unknown_gender,1-2 albums,43,House
unknown_gender,1-2 albums,1,Humppa
unknown_gender,1-2 albums,3,IDM
unknown_gender,1-2 albums,131,Indie
unknown_gender,1-2 albums,64,Indie Folk
unknown_gender,1-2 albums,243,Indie Pop
unknown_gender,1-2 albums,705,Indie Rock
unknown_gender,1-2 albums,10,Indietronica
unknown_gender,1-2 albums,98,Industrial
unknown_gender,1-2 albums,54,Industrial Metal
unknown_gender,1-2 albums,56,Industrial Rock
unknown_gender,1-2 albums,3,Irish Folk
unknown_gender,1-2 albums,2,Italian Folk
unknown_gender,1-2 albums,9,Italo Disco
unknown_gender,1-2 albums,41,J-Pop
unknown_gender,1-2 albums,2,J-Rap
unknown_gender,1-2 albums,8,J-Rock
unknown_gender,1-2 albums,2,Jam Band
unknown_gender,1-2 albums,4,Jangle Pop
unknown_gender,1-2 albums,49,Jazz
unknown_gender,1-2 albums,14,Jazz Fusion
unknown_gender,1-2 albums,3,Jazz-Funk
unknown_gender,1-2 albums,5,Jovem Guarda
unknown_gender,1-2 albums,12,K-Pop
unknown_gender,1-2 albums,2,Klezmer
unknown_gender,1-2 albums,8,Krautrock
unknown_gender,1-2 albums,37,Latin
unknown_gender,1-2 albums,30,Latin Pop
unknown_gender,1-2 albums,16,Latin Rock
unknown_gender,1-2 albums,17,Lo-Fi
unknown_gender,1-2 albums,1,Lounge Music
unknown_gender,1-2 albums,1,M&#xFA;sica Popular Portuguesa
unknown_gender,1-2 albums,32,MPB
unknown_gender,1-2 albums,1,Mandopop
unknown_gender,1-2 albums,1,Mariachi
unknown_gender,1-2 albums,1,Martial Industrial
unknown_gender,1-2 albums,3,Mashup
unknown_gender,1-2 albums,10,Math Rock
unknown_gender,1-2 albums,14,Mathcore
unknown_gender,1-2 albums,11,Medieval
unknown_gender,1-2 albums,1,Medieval Folk Rock
unknown_gender,1-2 albums,111,Melodic Death Metal
unknown_gender,1-2 albums,26,Melodic Hardcore
unknown_gender,1-2 albums,10,Melodic Metalcore
unknown_gender,1-2 albums,2,Merengue
unknown_gender,1-2 albums,206,Metalcore
unknown_gender,1-2 albums,2,Midwest Rap
unknown_gender,1-2 albums,1,Minimal
unknown_gender,1-2 albums,1,Minimal Techno
unknown_gender,1-2 albums,2,Mixed
unknown_gender,1-2 albums,5,Modern Classical
unknown_gender,1-2 albums,4,Modern Rock
unknown_gender,1-2 albums,9,Musical
unknown_gender,1-2 albums,1,Mystic Folk
unknown_gender,1-2 albums,4,NWOBHM
unknown_gender,1-2 albums,1,Native American
unknown_gender,1-2 albums,3,Neo Soul
unknown_gender,1-2 albums,5,Neo-Progressive Rock
unknown_gender,1-2 albums,5,Neo-Psychedelia
unknown_gender,1-2 albums,1,Neo-Psychedelia&#x200F;&#x200E;
unknown_gender,1-2 albums,1,Neoclassical
unknown_gender,1-2 albums,31,Neofolk
unknown_gender,1-2 albums,5,Nerdcore Hip Hop
unknown_gender,1-2 albums,9,Neue Deutsche H&#xE4;rte
unknown_gender,1-2 albums,1,Neue Deutsche Todeskunst
unknown_gender,1-2 albums,4,Neue Deutsche Welle
unknown_gender,1-2 albums,8,New Age
unknown_gender,1-2 albums,6,New Jack Swing
unknown_gender,1-2 albums,4,New Rave
unknown_gender,1-2 albums,135,New Wave
unknown_gender,1-2 albums,3,Nintendocore
unknown_gender,1-2 albums,2,Noise
unknown_gender,1-2 albums,5,Noise Pop
unknown_gender,1-2 albums,17,Noise Rock
unknown_gender,1-2 albums,1,Norte&#xF1;o
unknown_gender,1-2 albums,1,Novelty
unknown_gender,1-2 albums,1,Nu Jazz
unknown_gender,1-2 albums,65,Nu Metal
unknown_gender,1-2 albums,1,Nu-Disco
unknown_gender,1-2 albums,10,Oi-Punk
unknown_gender,1-2 albums,2,Orchestral
unknown_gender,1-2 albums,15,Pagan Metal
unknown_gender,1-2 albums,1,Pagan Metal&#x200E;
unknown_gender,1-2 albums,4,Pagode
unknown_gender,1-2 albums,3,Parody
unknown_gender,1-2 albums,4,Piano Rock
unknown_gender,1-2 albums,1,Polka
unknown_gender,1-2 albums,579,Pop
unknown_gender,1-2 albums,135,Pop Punk
unknown_gender,1-2 albums,339,Pop Rock
unknown_gender,1-2 albums,2,Pop-Folk
unknown_gender,1-2 albums,4,Pop-Rap
unknown_gender,1-2 albums,37,Post-Grunge
unknown_gender,1-2 albums,155,Post-Hardcore
unknown_gender,1-2 albums,7,Post-Metal
unknown_gender,1-2 albums,68,Post-Punk
unknown_gender,1-2 albums,12,Post-Punk Revival
unknown_gender,1-2 albums,27,Post-Rock
unknown_gender,1-2 albums,1,Post-Rock&#x200E;
unknown_gender,1-2 albums,133,Power Metal
unknown_gender,1-2 albums,58,Power Pop
unknown_gender,1-2 albums,4,Powerviolence
unknown_gender,1-2 albums,1,Progressive  Rock
unknown_gender,1-2 albums,1,Progressive Bluegrass
unknown_gender,1-2 albums,11,Progressive Death Metal
unknown_gender,1-2 albums,5,Progressive Folk
unknown_gender,1-2 albums,3,Progressive House
unknown_gender,1-2 albums,172,Progressive Metal
unknown_gender,1-2 albums,265,Progressive Rock
unknown_gender,1-2 albums,1,Progressive Rock&#x200E;
unknown_gender,1-2 albums,1,Progressive Rock&#x200F;&#x200E;
unknown_gender,1-2 albums,2,Progressive Trance
unknown_gender,1-2 albums,7,Protest Song
unknown_gender,1-2 albums,1,Protopunk
unknown_gender,1-2 albums,5,Psych Folk
unknown_gender,1-2 albums,5,Psychedelic
unknown_gender,1-2 albums,6,Psychedelic Folk
unknown_gender,1-2 albums,13,Psychedelic Pop
unknown_gender,1-2 albums,59,Psychedelic Rock
unknown_gender,1-2 albums,1,Psychedelic Rock&#x200E;
unknown_gender,1-2 albums,1,Psychedelic Trance
unknown_gender,1-2 albums,9,Psychobilly
unknown_gender,1-2 albums,4,Pub Rock
unknown_gender,1-2 albums,4,Punk Blues
unknown_gender,1-2 albums,2,Punk Cabaret
unknown_gender,1-2 albums,393,Punk Rock
unknown_gender,1-2 albums,1,Punkabilly
unknown_gender,1-2 albums,142,R&amp;B
unknown_gender,1-2 albums,1,RIO
unknown_gender,1-2 albums,1,Ragtime
unknown_gender,1-2 albums,1,Ranchera
unknown_gender,1-2 albums,1,Rap  Metal
unknown_gender,1-2 albums,7,Rap Metal
unknown_gender,1-2 albums,10,Rap Rock
unknown_gender,1-2 albums,15,Rapcore
unknown_gender,1-2 albums,2,Rave
unknown_gender,1-2 albums,66,Reggae
unknown_gender,1-2 albums,1,Reggae Fusion
unknown_gender,1-2 albums,1,Reggae Rock
unknown_gender,1-2 albums,10,Reggaeton
unknown_gender,1-2 albums,4,Regional Mexican
unknown_gender,1-2 albums,3,Religious
unknown_gender,1-2 albums,7,Riot Grrrl
unknown_gender,1-2 albums,1052,Rock
unknown_gender,1-2 albums,19,Rock &apos;N&apos; Roll
unknown_gender,1-2 albums,1,Rock &apos;N&apos; Roll&#x200E;
unknown_gender,1-2 albums,3,Rock Against Communism
unknown_gender,1-2 albums,1,Rock Opera
unknown_gender,1-2 albums,3,Rock en Espa&#xF1;ol
unknown_gender,1-2 albums,6,Rockabilly
unknown_gender,1-2 albums,5,Roots
unknown_gender,1-2 albums,1,Roots Reggae
unknown_gender,1-2 albums,5,Roots Rock
unknown_gender,1-2 albums,1,Rumba
unknown_gender,1-2 albums,1,Salsa
unknown_gender,1-2 albums,4,Samba
unknown_gender,1-2 albums,1,Samba-Can&#xE7;&#xE3;o
unknown_gender,1-2 albums,13,Schlager
unknown_gender,1-2 albums,22,Screamo
unknown_gender,1-2 albums,18,Sertanejo
unknown_gender,1-2 albums,16,Shoegazing
unknown_gender,1-2 albums,1,Shoegazing&#x200F;&#x200E;
unknown_gender,1-2 albums,22,Singer-Songwriter
unknown_gender,1-2 albums,57,Ska
unknown_gender,1-2 albums,34,Ska Punk
unknown_gender,1-2 albums,1,Ska Punk&#x200E;
unknown_gender,1-2 albums,6,Skate Punk
unknown_gender,1-2 albums,1,Skiffle
unknown_gender,1-2 albums,2,Slowcore
unknown_gender,1-2 albums,22,Sludge Metal
unknown_gender,1-2 albums,1,Soca
unknown_gender,1-2 albums,17,Soft Rock
unknown_gender,1-2 albums,1,Son Cubano
unknown_gender,1-2 albums,68,Soul
unknown_gender,1-2 albums,22,Soundtrack
unknown_gender,1-2 albums,1,Soundtrack/Musical
unknown_gender,1-2 albums,1,Southern Gospel
unknown_gender,1-2 albums,16,Southern Hip Hop
unknown_gender,1-2 albums,23,Southern Rock
unknown_gender,1-2 albums,19,Space Rock
unknown_gender,1-2 albums,16,Speed Metal
unknown_gender,1-2 albums,7,Spoken Word
unknown_gender,1-2 albums,6,Steampunk
unknown_gender,1-2 albums,32,Stoner Rock
unknown_gender,1-2 albums,7,Street Punk
unknown_gender,1-2 albums,1,Sung Poetry
unknown_gender,1-2 albums,1,Sunshine Pop
unknown_gender,1-2 albums,2,Surf
unknown_gender,1-2 albums,6,Surf Rock
unknown_gender,1-2 albums,1,Swamp Blues
unknown_gender,1-2 albums,7,Swing
unknown_gender,1-2 albums,3,Swiss Rock
unknown_gender,1-2 albums,15,Symphonic Black Metal
unknown_gender,1-2 albums,54,Symphonic Metal
unknown_gender,1-2 albums,2,Symphonic Metal&#x200E;
unknown_gender,1-2 albums,17,Symphonic Rock
unknown_gender,1-2 albums,169,Synthpop
unknown_gender,1-2 albums,1,Tech House
unknown_gender,1-2 albums,18,Technical Death Metal
unknown_gender,1-2 albums,15,Techno
unknown_gender,1-2 albums,6,Teen Pop
unknown_gender,1-2 albums,2,Tejano
unknown_gender,1-2 albums,136,Thrash Metal
unknown_gender,1-2 albums,5,Thrashcore
unknown_gender,1-2 albums,20,Trance
unknown_gender,1-2 albums,2,Trap
unknown_gender,1-2 albums,29,Trip Hop
unknown_gender,1-2 albums,1,Tropicalismo
unknown_gender,1-2 albums,2,Turkish Rock
unknown_gender,1-2 albums,1,Unblack Metal
unknown_gender,1-2 albums,7,Underground Hip Hop
unknown_gender,1-2 albums,2,Vaudeville
unknown_gender,1-2 albums,8,Viking Metal
unknown_gender,1-2 albums,1,Visual Kei
unknown_gender,1-2 albums,1,Visual Kei&#x200E;
unknown_gender,1-2 albums,5,Vocal
unknown_gender,1-2 albums,2,Vocal Jazz
unknown_gender,1-2 albums,3,Vocal Trance
unknown_gender,1-2 albums,6,Volkslied
unknown_gender,1-2 albums,8,West Coast Hip Hop
unknown_gender,1-2 albums,22,World Music
unknown_gender,1-2 albums,2,Worldbeat
unknown_gender,1-2 albums,33,Worship
unknown_gender,1-2 albums,1,Zydeco
unknown_gender,1-2 albums,47820,unknown_genre
unknown_gender,3-4 albums,4,A Cappella
unknown_gender,3-4 albums,1,Acid House
unknown_gender,3-4 albums,2,Acid Jazz
unknown_gender,3-4 albums,1,Acoustic
unknown_gender,3-4 albums,1,Alternative  Rock
unknown_gender,3-4 albums,5,Alternative Country
unknown_gender,3-4 albums,2,Alternative Dance
unknown_gender,3-4 albums,2,Alternative Hip Hop
unknown_gender,3-4 albums,14,Alternative Metal
unknown_gender,3-4 albums,119,Alternative Rock
unknown_gender,3-4 albums,4,Ambient
unknown_gender,3-4 albums,3,Anarcho-Punk
unknown_gender,3-4 albums,5,Art Rock
unknown_gender,3-4 albums,3,Australian Hip Hop
unknown_gender,3-4 albums,1,Avant-Pop
unknown_gender,3-4 albums,2,Avant-garde
unknown_gender,3-4 albums,3,Avant-garde Metal
unknown_gender,3-4 albums,1,Baroque Pop
unknown_gender,3-4 albums,47,Black Metal
unknown_gender,3-4 albums,1,Bluegrass
unknown_gender,3-4 albums,2,Blues
unknown_gender,3-4 albums,9,Blues Rock
unknown_gender,3-4 albums,2,Bossa Nova
unknown_gender,3-4 albums,1,Britpop
unknown_gender,3-4 albums,4,Brutal Death Metal
unknown_gender,3-4 albums,2,Canterbury
unknown_gender,3-4 albums,1,Cantopop
unknown_gender,3-4 albums,6,Celtic
unknown_gender,3-4 albums,3,Celtic Rock
unknown_gender,3-4 albums,4,Chanson
unknown_gender,3-4 albums,3,Children&apos;s Music
unknown_gender,3-4 albums,3,Chiptune
unknown_gender,3-4 albums,3,Christian
unknown_gender,3-4 albums,1,Christian Hardcore
unknown_gender,3-4 albums,2,Christian Hip Hop
unknown_gender,3-4 albums,1,Christian Metal
unknown_gender,3-4 albums,4,Christian Punk
unknown_gender,3-4 albums,8,Christian Rock
unknown_gender,3-4 albums,1,Christmas
unknown_gender,3-4 albums,1,Classic Rock
unknown_gender,3-4 albums,8,Comedy
unknown_gender,3-4 albums,3,Comedy Rock
unknown_gender,3-4 albums,14,Contemporary Christian
unknown_gender,3-4 albums,1,Contemporary Folk
unknown_gender,3-4 albums,20,Country
unknown_gender,3-4 albums,4,Country Rock
unknown_gender,3-4 albums,1,Crack Rock Steady
unknown_gender,3-4 albums,3,Crossover Thrash
unknown_gender,3-4 albums,1,Crunk
unknown_gender,3-4 albums,1,Crust Punk
unknown_gender,3-4 albums,2,Cumbia
unknown_gender,3-4 albums,5,Dance
unknown_gender,3-4 albums,1,Dance-Pop
unknown_gender,3-4 albums,2,Dancehall
unknown_gender,3-4 albums,2,Dark Ambient
unknown_gender,3-4 albums,1,Dark Electro
unknown_gender,3-4 albums,1,Dark Metal
unknown_gender,3-4 albums,7,Dark Wave
unknown_gender,3-4 albums,40,Death Metal
unknown_gender,3-4 albums,13,Deathcore
unknown_gender,3-4 albums,1,Deutschrock
unknown_gender,3-4 albums,1,Digital Hardcore
unknown_gender,3-4 albums,7,Disco
unknown_gender,3-4 albums,9,Doom Metal
unknown_gender,3-4 albums,1,Downtempo
unknown_gender,3-4 albums,6,Dream Pop
unknown_gender,3-4 albums,1,Drone Doom
unknown_gender,3-4 albums,5,Drum And Bass
unknown_gender,3-4 albums,1,Dub
unknown_gender,3-4 albums,8,EBM
unknown_gender,3-4 albums,1,EDM
unknown_gender,3-4 albums,1,Early Music
unknown_gender,3-4 albums,3,East Coast Hip Hop
unknown_gender,3-4 albums,1,Electric Blues
unknown_gender,3-4 albums,1,Electric Folk
unknown_gender,3-4 albums,2,Electro
unknown_gender,3-4 albums,35,Electronic
unknown_gender,3-4 albums,7,Electronic Rock
unknown_gender,3-4 albums,6,Electronica
unknown_gender,3-4 albums,2,Electronicore
unknown_gender,3-4 albums,6,Electropop
unknown_gender,3-4 albums,2,Electropunk
unknown_gender,3-4 albums,7,Emo
unknown_gender,3-4 albums,7,Eurodance
unknown_gender,3-4 albums,4,Europop
unknown_gender,3-4 albums,4,Experimental
unknown_gender,3-4 albums,5,Experimental Rock
unknown_gender,3-4 albums,1,Filk
unknown_gender,3-4 albums,1,Flamenco
unknown_gender,3-4 albums,22,Folk
unknown_gender,3-4 albums,9,Folk Metal
unknown_gender,3-4 albums,4,Folk Punk
unknown_gender,3-4 albums,20,Folk Rock
unknown_gender,3-4 albums,1,Forr&#xF3;
unknown_gender,3-4 albums,1,Forr&#xF3;&#x200E;
unknown_gender,3-4 albums,1,Francophone
unknown_gender,3-4 albums,2,Freak Folk
unknown_gender,3-4 albums,1,Freestyle
unknown_gender,3-4 albums,1,French Hip Hop
unknown_gender,3-4 albums,1,French Pop
unknown_gender,3-4 albums,10,Funk
unknown_gender,3-4 albums,1,Funk Carioca
unknown_gender,3-4 albums,3,Funk Metal
unknown_gender,3-4 albums,2,Funk Rock
unknown_gender,3-4 albums,8,Futurepop
unknown_gender,3-4 albums,2,Gangsta Rap
unknown_gender,3-4 albums,4,Garage Rock
unknown_gender,3-4 albums,10,Glam Metal
unknown_gender,3-4 albums,3,Glam Rock
unknown_gender,3-4 albums,2,Goregrind
unknown_gender,3-4 albums,6,Gospel
unknown_gender,3-4 albums,2,Gothic
unknown_gender,3-4 albums,19,Gothic Metal
unknown_gender,3-4 albums,10,Gothic Rock
unknown_gender,3-4 albums,1,Grime
unknown_gender,3-4 albums,5,Grindcore
unknown_gender,3-4 albums,8,Groove Metal
unknown_gender,3-4 albums,4,Grunge
unknown_gender,3-4 albums,1,Grupero
unknown_gender,3-4 albums,46,Hard Rock
unknown_gender,3-4 albums,24,Hardcore Punk
unknown_gender,3-4 albums,63,Heavy Metal
unknown_gender,3-4 albums,1,Hi-NRG
unknown_gender,3-4 albums,60,Hip Hop
unknown_gender,3-4 albums,4,Horror Punk
unknown_gender,3-4 albums,1,Horror Punk&#x200F;&#x200E;
unknown_gender,3-4 albums,5,House
unknown_gender,3-4 albums,1,IDM
unknown_gender,3-4 albums,14,Indie
unknown_gender,3-4 albums,13,Indie Folk
unknown_gender,3-4 albums,50,Indie Pop
unknown_gender,3-4 albums,124,Indie Rock
unknown_gender,3-4 albums,2,Indietronica
unknown_gender,3-4 albums,26,Industrial
unknown_gender,3-4 albums,13,Industrial Metal
unknown_gender,3-4 albums,18,Industrial Rock
unknown_gender,3-4 albums,1,Irish Folk
unknown_gender,3-4 albums,2,J-Pop
unknown_gender,3-4 albums,5,J-Rock
unknown_gender,3-4 albums,1,Jam Band
unknown_gender,3-4 albums,4,Jazz
unknown_gender,3-4 albums,2,Jazz Fusion
unknown_gender,3-4 albums,2,K-Pop
unknown_gender,3-4 albums,3,Krautrock
unknown_gender,3-4 albums,1,Latin
unknown_gender,3-4 albums,7,Latin Pop
unknown_gender,3-4 albums,3,Latin Rock
unknown_gender,3-4 albums,2,Lo-Fi
unknown_gender,3-4 albums,2,MPB
unknown_gender,3-4 albums,1,Math Rock
unknown_gender,3-4 albums,1,Mathcore
unknown_gender,3-4 albums,6,Medieval
unknown_gender,3-4 albums,21,Melodic Death Metal
unknown_gender,3-4 albums,1,Melodic Hardcore
unknown_gender,3-4 albums,2,Melodic Metalcore
unknown_gender,3-4 albums,33,Metalcore
unknown_gender,3-4 albums,1,Minnesang
unknown_gender,3-4 albums,1,Neo-Progressive Rock
unknown_gender,3-4 albums,6,Neofolk
unknown_gender,3-4 albums,1,Nerdcore Hip Hop
unknown_gender,3-4 albums,1,Neue Deutsche H&#xE4;rte
unknown_gender,3-4 albums,4,New Age
unknown_gender,3-4 albums,21,New Wave
unknown_gender,3-4 albums,1,Nintendocore
unknown_gender,3-4 albums,1,Noise Pop
unknown_gender,3-4 albums,3,Noise Rock
unknown_gender,3-4 albums,7,Nu Metal
unknown_gender,3-4 albums,1,Oi-Punk
unknown_gender,3-4 albums,1,Orchestral
unknown_gender,3-4 albums,2,Pagan Metal
unknown_gender,3-4 albums,1,Pirate Metal
unknown_gender,3-4 albums,71,Pop
unknown_gender,3-4 albums,33,Pop Punk
unknown_gender,3-4 albums,36,Pop Rock
unknown_gender,3-4 albums,4,Post-Grunge
unknown_gender,3-4 albums,29,Post-Hardcore
unknown_gender,3-4 albums,1,Post-Industrial
unknown_gender,3-4 albums,1,Post-Metal
unknown_gender,3-4 albums,13,Post-Punk
unknown_gender,3-4 albums,1,Post-Punk&#x200E;
unknown_gender,3-4 albums,10,Post-Rock
unknown_gender,3-4 albums,42,Power Metal
unknown_gender,3-4 albums,1,Power Noise
unknown_gender,3-4 albums,6,Power Pop
unknown_gender,3-4 albums,2,Progg
unknown_gender,3-4 albums,1,Progressive Bluegrass
unknown_gender,3-4 albums,3,Progressive Death Metal
unknown_gender,3-4 albums,1,Progressive House
unknown_gender,3-4 albums,25,Progressive Metal
unknown_gender,3-4 albums,35,Progressive Rock
unknown_gender,3-4 albums,1,Psychedelic Folk
unknown_gender,3-4 albums,1,Psychedelic Pop
unknown_gender,3-4 albums,14,Psychedelic Rock
unknown_gender,3-4 albums,3,Psychobilly
unknown_gender,3-4 albums,77,Punk Rock
unknown_gender,3-4 albums,25,R&amp;B
unknown_gender,3-4 albums,1,RIO
unknown_gender,3-4 albums,3,Rap Metal
unknown_gender,3-4 albums,2,Rapcore
unknown_gender,3-4 albums,1,Rave
unknown_gender,3-4 albums,1,Raw Rock
unknown_gender,3-4 albums,12,Reggae
unknown_gender,3-4 albums,2,Reggaeton
unknown_gender,3-4 albums,1,Religious
unknown_gender,3-4 albums,1,Riot Grrrl
unknown_gender,3-4 albums,157,Rock
unknown_gender,3-4 albums,1,Rock en Espa&#xF1;ol
unknown_gender,3-4 albums,1,Rockabilly
unknown_gender,3-4 albums,3,Schlager
unknown_gender,3-4 albums,3,Screamo
unknown_gender,3-4 albums,1,Sertanejo
unknown_gender,3-4 albums,2,Shoegazing
unknown_gender,3-4 albums,1,Singer-Songwriter
unknown_gender,3-4 albums,13,Ska
unknown_gender,3-4 albums,7,Ska Punk
unknown_gender,3-4 albums,2,Sludge Metal
unknown_gender,3-4 albums,1,Soft Rock
unknown_gender,3-4 albums,10,Soul
unknown_gender,3-4 albums,1,Soundtrack/Television
unknown_gender,3-4 albums,3,Southern Hip Hop
unknown_gender,3-4 albums,1,Southern Metal
unknown_gender,3-4 albums,1,Southern Rock
unknown_gender,3-4 albums,2,Space Rock
unknown_gender,3-4 albums,3,Speed Metal
unknown_gender,3-4 albums,2,Steampunk
unknown_gender,3-4 albums,8,Stoner Rock
unknown_gender,3-4 albums,1,Street Punk
unknown_gender,3-4 albums,2,Sunshine Pop
unknown_gender,3-4 albums,1,Surf Rock
unknown_gender,3-4 albums,1,Swing
unknown_gender,3-4 albums,2,Symphonic Black Metal
unknown_gender,3-4 albums,15,Symphonic Metal
unknown_gender,3-4 albums,1,Symphonic Rock
unknown_gender,3-4 albums,17,Synthpop
unknown_gender,3-4 albums,6,Technical Death Metal
unknown_gender,3-4 albums,3,Techno
unknown_gender,3-4 albums,1,Tejano
unknown_gender,3-4 albums,34,Thrash Metal
unknown_gender,3-4 albums,2,Trance
unknown_gender,3-4 albums,5,Trip Hop
unknown_gender,3-4 albums,3,Viking Metal
unknown_gender,3-4 albums,1,Visual Kei
unknown_gender,3-4 albums,2,West Coast Hip Hop
unknown_gender,3-4 albums,1,World Music
unknown_gender,3-4 albums,4,Worship
unknown_gender,3-4 albums,2314,unknown_genre
unknown_gender,5-6 albums,6,Alternative Country
unknown_gender,5-6 albums,2,Alternative Hip Hop
unknown_gender,5-6 albums,2,Alternative Metal
unknown_gender,5-6 albums,62,Alternative Rock
unknown_gender,5-6 albums,1,Anarcho-Punk
unknown_gender,5-6 albums,1,Andalusian Rock
unknown_gender,5-6 albums,1,Art Rock
unknown_gender,5-6 albums,1,Australian Hip Hop
unknown_gender,5-6 albums,1,Avant-garde Metal
unknown_gender,5-6 albums,1,Ballad
unknown_gender,5-6 albums,1,Baroque Pop
unknown_gender,5-6 albums,26,Black Metal
unknown_gender,5-6 albums,3,Bluegrass
unknown_gender,5-6 albums,3,Blues
unknown_gender,5-6 albums,4,Blues Rock
unknown_gender,5-6 albums,2,Britpop
unknown_gender,5-6 albums,1,Brutal Death Metal
unknown_gender,5-6 albums,1,Canterbury
unknown_gender,5-6 albums,1,Celtic
unknown_gender,5-6 albums,1,Celtic Rock
unknown_gender,5-6 albums,3,Chanson
unknown_gender,5-6 albums,1,Children&apos;s Music
unknown_gender,5-6 albums,4,Christian
unknown_gender,5-6 albums,1,Christian Hip Hop
unknown_gender,5-6 albums,2,Christian Metal
unknown_gender,5-6 albums,12,Christian Rock
unknown_gender,5-6 albums,3,Comedy
unknown_gender,5-6 albums,2,Comedy Rock
unknown_gender,5-6 albums,9,Contemporary Christian
unknown_gender,5-6 albums,18,Country
unknown_gender,5-6 albums,3,Country Rock
unknown_gender,5-6 albums,1,Crossover
unknown_gender,5-6 albums,1,Dance
unknown_gender,5-6 albums,1,Dark Electro
unknown_gender,5-6 albums,4,Dark Wave
unknown_gender,5-6 albums,17,Death Metal
unknown_gender,5-6 albums,4,Deathcore
unknown_gender,5-6 albums,1,Digital Hardcore
unknown_gender,5-6 albums,4,Disco
unknown_gender,5-6 albums,1,Doo-wop
unknown_gender,5-6 albums,8,Doom Metal
unknown_gender,5-6 albums,1,Downtempo
unknown_gender,5-6 albums,3,Dream Pop
unknown_gender,5-6 albums,10,EBM
unknown_gender,5-6 albums,3,East Coast Hip Hop
unknown_gender,5-6 albums,1,Electro
unknown_gender,5-6 albums,1,Electro-Industrial
unknown_gender,5-6 albums,10,Electronic
unknown_gender,5-6 albums,6,Electronica
unknown_gender,5-6 albums,3,Emo
unknown_gender,5-6 albums,2,Europop
unknown_gender,5-6 albums,1,Experimental Hip Hop
unknown_gender,5-6 albums,1,Experimental Rock
unknown_gender,5-6 albums,1,Flamenco
unknown_gender,5-6 albums,11,Folk
unknown_gender,5-6 albums,8,Folk Metal
unknown_gender,5-6 albums,7,Folk Rock
unknown_gender,5-6 albums,1,Folktronica
unknown_gender,5-6 albums,1,Forr&#xF3;
unknown_gender,5-6 albums,1,Francophone
unknown_gender,5-6 albums,4,Funk
unknown_gender,5-6 albums,1,Funk Rock
unknown_gender,5-6 albums,1,Futurepop
unknown_gender,5-6 albums,1,Gangsta Rap
unknown_gender,5-6 albums,6,Garage Rock
unknown_gender,5-6 albums,2,Glam Rock
unknown_gender,5-6 albums,2,Gospel
unknown_gender,5-6 albums,2,Gothic
unknown_gender,5-6 albums,5,Gothic Metal
unknown_gender,5-6 albums,4,Gothic Rock
unknown_gender,5-6 albums,2,Grindcore
unknown_gender,5-6 albums,1,Groove Metal
unknown_gender,5-6 albums,1,Grunge
unknown_gender,5-6 albums,1,Grupero
unknown_gender,5-6 albums,1,Hamburger Schule
unknown_gender,5-6 albums,12,Hard Rock
unknown_gender,5-6 albums,7,Hardcore Punk
unknown_gender,5-6 albums,1,Hawaiian
unknown_gender,5-6 albums,29,Heavy Metal
unknown_gender,5-6 albums,17,Hip Hop
unknown_gender,5-6 albums,2,Indie
unknown_gender,5-6 albums,6,Indie Folk
unknown_gender,5-6 albums,12,Indie Pop
unknown_gender,5-6 albums,39,Indie Rock
unknown_gender,5-6 albums,18,Industrial
unknown_gender,5-6 albums,5,Industrial Metal
unknown_gender,5-6 albums,4,Industrial Rock
unknown_gender,5-6 albums,2,J-Pop
unknown_gender,5-6 albums,1,J-Punk
unknown_gender,5-6 albums,1,J-Rock
unknown_gender,5-6 albums,1,Jazz
unknown_gender,5-6 albums,3,Jazz Fusion
unknown_gender,5-6 albums,1,Jazz-Funk
unknown_gender,5-6 albums,1,Junkanoo
unknown_gender,5-6 albums,2,K-Pop
unknown_gender,5-6 albums,3,Latin
unknown_gender,5-6 albums,2,Latin Pop
unknown_gender,5-6 albums,1,Latin Rock
unknown_gender,5-6 albums,3,Lo-Fi
unknown_gender,5-6 albums,3,MPB
unknown_gender,5-6 albums,6,Medieval
unknown_gender,5-6 albums,4,Melodic Death Metal
unknown_gender,5-6 albums,1,Melodic Hardcore
unknown_gender,5-6 albums,6,Metalcore
unknown_gender,5-6 albums,3,Neofolk
unknown_gender,5-6 albums,2,Neue Deutsche H&#xE4;rte
unknown_gender,5-6 albums,5,New Age
unknown_gender,5-6 albums,11,New Wave
unknown_gender,5-6 albums,1,Noise
unknown_gender,5-6 albums,1,Noise Rock
unknown_gender,5-6 albums,3,Norte&#xF1;o
unknown_gender,5-6 albums,5,Nu Metal
unknown_gender,5-6 albums,1,Pagan Metal
unknown_gender,5-6 albums,1,Parody
unknown_gender,5-6 albums,26,Pop
unknown_gender,5-6 albums,14,Pop Punk
unknown_gender,5-6 albums,18,Pop Rock
unknown_gender,5-6 albums,8,Post-Hardcore
unknown_gender,5-6 albums,1,Post-Metal
unknown_gender,5-6 albums,4,Post-Punk
unknown_gender,5-6 albums,7,Post-Rock
unknown_gender,5-6 albums,18,Power Metal
unknown_gender,5-6 albums,3,Power Pop
unknown_gender,5-6 albums,2,Progressive Death Metal
unknown_gender,5-6 albums,8,Progressive Metal
unknown_gender,5-6 albums,18,Progressive Rock
unknown_gender,5-6 albums,1,Psych Folk
unknown_gender,5-6 albums,5,Psychedelic Rock
unknown_gender,5-6 albums,1,Punk Blues
unknown_gender,5-6 albums,38,Punk Rock
unknown_gender,5-6 albums,1,Queercore
unknown_gender,5-6 albums,11,R&amp;B
unknown_gender,5-6 albums,1,RIO
unknown_gender,5-6 albums,3,Reggae
unknown_gender,5-6 albums,82,Rock
unknown_gender,5-6 albums,3,Rock &apos;N&apos; Roll
unknown_gender,5-6 albums,2,Roots Rock
unknown_gender,5-6 albums,1,Schlager
unknown_gender,5-6 albums,1,Sertanejo
unknown_gender,5-6 albums,1,Shoegazing
unknown_gender,5-6 albums,3,Ska
unknown_gender,5-6 albums,7,Ska Punk
unknown_gender,5-6 albums,2,Soft Rock
unknown_gender,5-6 albums,6,Soul
unknown_gender,5-6 albums,3,Southern Hip Hop
unknown_gender,5-6 albums,3,Southern Rock
unknown_gender,5-6 albums,5,Speed Metal
unknown_gender,5-6 albums,1,Stoner Rock
unknown_gender,5-6 albums,1,Street Punk
unknown_gender,5-6 albums,1,Swing
unknown_gender,5-6 albums,1,Swiss Rock
unknown_gender,5-6 albums,2,Symphonic Black Metal
unknown_gender,5-6 albums,2,Symphonic Metal
unknown_gender,5-6 albums,1,Symphonic Rock
unknown_gender,5-6 albums,17,Synthpop
unknown_gender,5-6 albums,1,Techno
unknown_gender,5-6 albums,1,Tejano
unknown_gender,5-6 albums,10,Thrash Metal
unknown_gender,5-6 albums,2,Trance
unknown_gender,5-6 albums,1,Trip Hop
unknown_gender,5-6 albums,1,Tropicalismo
unknown_gender,5-6 albums,1,Underground Hip Hop
unknown_gender,5-6 albums,4,Viking Metal
unknown_gender,5-6 albums,1,West Coast Hip Hop
unknown_gender,5-6 albums,2,World Music
unknown_gender,5-6 albums,2,Worship
unknown_gender,5-6 albums,1,Zeuhl
unknown_gender,5-6 albums,925,unknown_genre
unknown_gender,7-8 albums,1,A Cappella
unknown_gender,7-8 albums,1,Aggrotech
unknown_gender,7-8 albums,4,Alternative Country
unknown_gender,7-8 albums,3,Alternative Metal
unknown_gender,7-8 albums,25,Alternative Rock
unknown_gender,7-8 albums,1,Americana
unknown_gender,7-8 albums,2,Avant-garde
unknown_gender,7-8 albums,1,Bachata
unknown_gender,7-8 albums,1,Baroque Pop
unknown_gender,7-8 albums,9,Black Metal
unknown_gender,7-8 albums,3,Bluegrass
unknown_gender,7-8 albums,2,Blues
unknown_gender,7-8 albums,5,Blues Rock
unknown_gender,7-8 albums,2,Brazilian Rock
unknown_gender,7-8 albums,1,Britpop
unknown_gender,7-8 albums,2,Celtic
unknown_gender,7-8 albums,2,Celtic Punk
unknown_gender,7-8 albums,1,Celtic Rock
unknown_gender,7-8 albums,1,Chanson
unknown_gender,7-8 albums,2,Christian
unknown_gender,7-8 albums,4,Christian Rock
unknown_gender,7-8 albums,1,Christian Ska
unknown_gender,7-8 albums,1,Comedy
unknown_gender,7-8 albums,2,Contemporary Christian
unknown_gender,7-8 albums,7,Country
unknown_gender,7-8 albums,2,Country Rock
unknown_gender,7-8 albums,1,Crunk
unknown_gender,7-8 albums,1,Dark Electro
unknown_gender,7-8 albums,3,Dark Wave
unknown_gender,7-8 albums,13,Death Metal
unknown_gender,7-8 albums,1,Deathrock
unknown_gender,7-8 albums,1,Disco
unknown_gender,7-8 albums,4,Doom Metal
unknown_gender,7-8 albums,2,Dream Pop
unknown_gender,7-8 albums,1,Drone Doom
unknown_gender,7-8 albums,3,EBM
unknown_gender,7-8 albums,1,Electro
unknown_gender,7-8 albums,6,Electronic
unknown_gender,7-8 albums,4,Electronica
unknown_gender,7-8 albums,1,Electropop
unknown_gender,7-8 albums,1,Emo
unknown_gender,7-8 albums,1,Eurodance
unknown_gender,7-8 albums,1,Extreme Metal
unknown_gender,7-8 albums,7,Folk
unknown_gender,7-8 albums,3,Folk Metal
unknown_gender,7-8 albums,1,Folk Punk
unknown_gender,7-8 albums,8,Folk Rock
unknown_gender,7-8 albums,2,Francophone
unknown_gender,7-8 albums,4,Funk
unknown_gender,7-8 albums,1,Futurepop
unknown_gender,7-8 albums,2,Glam Rock
unknown_gender,7-8 albums,3,Gospel
unknown_gender,7-8 albums,6,Gothic Metal
unknown_gender,7-8 albums,4,Gothic Rock
unknown_gender,7-8 albums,1,Grindcore
unknown_gender,7-8 albums,2,Grunge
unknown_gender,7-8 albums,16,Hard Rock
unknown_gender,7-8 albums,3,Hardcore Punk
unknown_gender,7-8 albums,13,Heavy Metal
unknown_gender,7-8 albums,8,Hip Hop
unknown_gender,7-8 albums,1,Horror Punk
unknown_gender,7-8 albums,1,Indie
unknown_gender,7-8 albums,9,Indie Pop
unknown_gender,7-8 albums,18,Indie Rock
unknown_gender,7-8 albums,5,Industrial
unknown_gender,7-8 albums,2,Industrial Metal
unknown_gender,7-8 albums,4,Industrial Rock
unknown_gender,7-8 albums,2,J-Pop
unknown_gender,7-8 albums,3,J-Rock
unknown_gender,7-8 albums,1,Jazz Fusion
unknown_gender,7-8 albums,1,Latin
unknown_gender,7-8 albums,2,Latin Rock
unknown_gender,7-8 albums,4,Medieval
unknown_gender,7-8 albums,1,Melodic Death Metal
unknown_gender,7-8 albums,5,Metalcore
unknown_gender,7-8 albums,1,Neo-Progressive Rock
unknown_gender,7-8 albums,2,Neofolk
unknown_gender,7-8 albums,1,New Age
unknown_gender,7-8 albums,8,New Wave
unknown_gender,7-8 albums,2,Noise Rock
unknown_gender,7-8 albums,1,Pagan Metal
unknown_gender,7-8 albums,17,Pop
unknown_gender,7-8 albums,1,Pop Punk
unknown_gender,7-8 albums,14,Pop Rock
unknown_gender,7-8 albums,4,Post-Hardcore
unknown_gender,7-8 albums,1,Post-Punk
unknown_gender,7-8 albums,1,Post-Rock
unknown_gender,7-8 albums,14,Power Metal
unknown_gender,7-8 albums,2,Power Pop
unknown_gender,7-8 albums,5,Progressive Metal
unknown_gender,7-8 albums,6,Progressive Rock
unknown_gender,7-8 albums,1,Psychedelic Pop
unknown_gender,7-8 albums,2,Psychedelic Rock
unknown_gender,7-8 albums,1,Psychedelic Trance
unknown_gender,7-8 albums,25,Punk Rock
unknown_gender,7-8 albums,1,R&amp;B
unknown_gender,7-8 albums,1,Reggae
unknown_gender,7-8 albums,1,Reggaeton
unknown_gender,7-8 albums,48,Rock
unknown_gender,7-8 albums,1,Rock &apos;N&apos; Roll
unknown_gender,7-8 albums,1,Roots
unknown_gender,7-8 albums,1,Roots Reggae
unknown_gender,7-8 albums,1,Rumba
unknown_gender,7-8 albums,1,Screamo
unknown_gender,7-8 albums,2,Sertanejo
unknown_gender,7-8 albums,1,Shoegazing
unknown_gender,7-8 albums,9,Ska
unknown_gender,7-8 albums,3,Ska Punk
unknown_gender,7-8 albums,1,Sludge Metal
unknown_gender,7-8 albums,4,Soul
unknown_gender,7-8 albums,1,Southern Rock
unknown_gender,7-8 albums,1,Street Punk
unknown_gender,7-8 albums,1,Sunshine Pop
unknown_gender,7-8 albums,1,Surf Rock
unknown_gender,7-8 albums,2,Symphonic Metal
unknown_gender,7-8 albums,9,Synthpop
unknown_gender,7-8 albums,1,Technical Death Metal
unknown_gender,7-8 albums,5,Thrash Metal
unknown_gender,7-8 albums,1,Trip Hop
unknown_gender,7-8 albums,2,Viking Metal
unknown_gender,7-8 albums,1,Vocal
unknown_gender,7-8 albums,422,unknown_genre
unknown_gender,9-10 albums,1,A Cappella
unknown_gender,9-10 albums,1,Adult Alternative
unknown_gender,9-10 albums,1,Alpine New Wave
unknown_gender,9-10 albums,1,Alternative Country
unknown_gender,9-10 albums,22,Alternative Rock
unknown_gender,9-10 albums,2,Ambient
unknown_gender,9-10 albums,1,Anarcho-Punk
unknown_gender,9-10 albums,1,Avant-garde
unknown_gender,9-10 albums,2,Ax&#xE9;
unknown_gender,9-10 albums,1,Baroque Pop
unknown_gender,9-10 albums,6,Black Metal
unknown_gender,9-10 albums,2,Blues
unknown_gender,9-10 albums,1,Blues Rock
unknown_gender,9-10 albums,2,Britpop
unknown_gender,9-10 albums,1,Celtic
unknown_gender,9-10 albums,1,Children&apos;s Music
unknown_gender,9-10 albums,2,Christian Rock
unknown_gender,9-10 albums,2,Contemporary Christian
unknown_gender,9-10 albums,3,Country
unknown_gender,9-10 albums,2,Country Rock
unknown_gender,9-10 albums,7,Death Metal
unknown_gender,9-10 albums,1,Deutschrock
unknown_gender,9-10 albums,1,Dream Pop
unknown_gender,9-10 albums,2,EBM
unknown_gender,9-10 albums,2,Electronica
unknown_gender,9-10 albums,1,Electropop
unknown_gender,9-10 albums,1,Eurodance
unknown_gender,9-10 albums,1,Experimental Rock
unknown_gender,9-10 albums,7,Folk
unknown_gender,9-10 albums,1,Folk Metal
unknown_gender,9-10 albums,6,Folk Rock
unknown_gender,9-10 albums,2,Funk
unknown_gender,9-10 albums,2,Glam Metal
unknown_gender,9-10 albums,1,Gospel
unknown_gender,9-10 albums,1,Gothic Metal
unknown_gender,9-10 albums,1,Gothic Rock
unknown_gender,9-10 albums,2,Grindcore
unknown_gender,9-10 albums,1,Grunge
unknown_gender,9-10 albums,9,Hard Rock
unknown_gender,9-10 albums,15,Heavy Metal
unknown_gender,9-10 albums,3,Indie Pop
unknown_gender,9-10 albums,10,Indie Rock
unknown_gender,9-10 albums,3,Industrial
unknown_gender,9-10 albums,2,Industrial Metal
unknown_gender,9-10 albums,3,J-Pop
unknown_gender,9-10 albums,2,J-Rock
unknown_gender,9-10 albums,1,Jazz Fusion
unknown_gender,9-10 albums,1,Krautrock
unknown_gender,9-10 albums,1,Latin Pop
unknown_gender,9-10 albums,2,Melodic Death Metal
unknown_gender,9-10 albums,1,Metalcore
unknown_gender,9-10 albums,1,Modern Classical
unknown_gender,9-10 albums,2,Nederpop
unknown_gender,9-10 albums,1,Neofolk
unknown_gender,9-10 albums,1,Neue Deutsche H&#xE4;rte
unknown_gender,9-10 albums,2,New Wave
unknown_gender,9-10 albums,2,Noise Rock
unknown_gender,9-10 albums,1,Orchestral
unknown_gender,9-10 albums,1,Parody
unknown_gender,9-10 albums,11,Pop
unknown_gender,9-10 albums,6,Pop Rock
unknown_gender,9-10 albums,1,Post-Hardcore
unknown_gender,9-10 albums,1,Post-Punk
unknown_gender,9-10 albums,9,Power Metal
unknown_gender,9-10 albums,1,Power Pop
unknown_gender,9-10 albums,4,Progressive Metal
unknown_gender,9-10 albums,12,Progressive Rock
unknown_gender,9-10 albums,1,Psych Folk
unknown_gender,9-10 albums,1,Psychobilly
unknown_gender,9-10 albums,17,Punk Rock
unknown_gender,9-10 albums,2,R&amp;B
unknown_gender,9-10 albums,2,Reggae
unknown_gender,9-10 albums,1,Religious
unknown_gender,9-10 albums,34,Rock
unknown_gender,9-10 albums,1,Rock Against Communism
unknown_gender,9-10 albums,3,Sertanejo
unknown_gender,9-10 albums,2,Shoegazing
unknown_gender,9-10 albums,2,Ska
unknown_gender,9-10 albums,1,Sludge Metal
unknown_gender,9-10 albums,1,Smooth Jazz
unknown_gender,9-10 albums,1,Soul
unknown_gender,9-10 albums,3,Southern Rock
unknown_gender,9-10 albums,1,Speed Metal
unknown_gender,9-10 albums,1,Stoner Rock
unknown_gender,9-10 albums,1,Symphonic Metal
unknown_gender,9-10 albums,1,Synthpop
unknown_gender,9-10 albums,6,Thrash Metal
unknown_gender,9-10 albums,195,unknown_genre
unknown_gender,>10 albums,2,Alternative Country
unknown_gender,>10 albums,1,Alternative Metal
unknown_gender,>10 albums,24,Alternative Rock
unknown_gender,>10 albums,1,Andalusian Rock
unknown_gender,>10 albums,1,Art Rock
unknown_gender,>10 albums,1,Austropop
unknown_gender,>10 albums,3,Avant-garde
unknown_gender,>10 albums,2,Ax&#xE9;
unknown_gender,>10 albums,4,Black Metal
unknown_gender,>10 albums,2,Blues
unknown_gender,>10 albums,3,Blues Rock
unknown_gender,>10 albums,1,Bolero
unknown_gender,>10 albums,3,Brazilian Rock
unknown_gender,>10 albums,3,Celtic
unknown_gender,>10 albums,1,Celtic Rock
unknown_gender,>10 albums,1,Chanson
unknown_gender,>10 albums,3,Children&apos;s Music
unknown_gender,>10 albums,1,Christian
unknown_gender,>10 albums,4,Christian Rock
unknown_gender,>10 albums,5,Contemporary Christian
unknown_gender,>10 albums,12,Country
unknown_gender,>10 albums,3,Country Rock
unknown_gender,>10 albums,1,Cumbia
unknown_gender,>10 albums,1,Dance
unknown_gender,>10 albums,5,Dark Wave
unknown_gender,>10 albums,6,Death Metal
unknown_gender,>10 albums,5,Doom Metal
unknown_gender,>10 albums,1,Dream Pop
unknown_gender,>10 albums,5,EBM
unknown_gender,>10 albums,1,Electronic
unknown_gender,>10 albums,1,Experimental
unknown_gender,>10 albums,1,Flamenco
unknown_gender,>10 albums,12,Folk
unknown_gender,>10 albums,3,Folk Metal
unknown_gender,>10 albums,3,Folk Rock
unknown_gender,>10 albums,4,Funk
unknown_gender,>10 albums,1,Gangsta Rap
unknown_gender,>10 albums,1,Gospel
unknown_gender,>10 albums,2,Gothic Metal
unknown_gender,>10 albums,6,Gothic Rock
unknown_gender,>10 albums,1,Gregorian Chant
unknown_gender,>10 albums,28,Hard Rock
unknown_gender,>10 albums,1,Hardcore Punk
unknown_gender,>10 albums,19,Heavy Metal
unknown_gender,>10 albums,8,Hip Hop
unknown_gender,>10 albums,2,Horrorcore
unknown_gender,>10 albums,1,Humppa&#x200E;
unknown_gender,>10 albums,2,Indie
unknown_gender,>10 albums,5,Indie Pop
unknown_gender,>10 albums,17,Indie Rock
unknown_gender,>10 albums,8,Industrial
unknown_gender,>10 albums,4,Industrial Rock
unknown_gender,>10 albums,1,Instrumental Rock
unknown_gender,>10 albums,2,Irish Folk
unknown_gender,>10 albums,4,J-Pop
unknown_gender,>10 albums,3,J-Rock
unknown_gender,>10 albums,3,Jazz
unknown_gender,>10 albums,2,Jazz Fusion
unknown_gender,>10 albums,2,Latin
unknown_gender,>10 albums,4,Latin Pop
unknown_gender,>10 albums,1,Latin Rock
unknown_gender,>10 albums,1,Lo-Fi
unknown_gender,>10 albums,1,MPB
unknown_gender,>10 albums,1,Medieval
unknown_gender,>10 albums,2,Melodic Death Metal
unknown_gender,>10 albums,1,Metalcore
unknown_gender,>10 albums,1,Neoclassical
unknown_gender,>10 albums,1,Neofolk
unknown_gender,>10 albums,3,New Wave
unknown_gender,>10 albums,1,Noise Rock
unknown_gender,>10 albums,2,Norte&#xF1;o
unknown_gender,>10 albums,1,Norte&#xF1;o&#x200E;
unknown_gender,>10 albums,28,Pop
unknown_gender,>10 albums,1,Pop Punk
unknown_gender,>10 albums,9,Pop Rock
unknown_gender,>10 albums,3,Post-Punk
unknown_gender,>10 albums,3,Post-Rock
unknown_gender,>10 albums,8,Power Metal
unknown_gender,>10 albums,4,Progressive Metal
unknown_gender,>10 albums,26,Progressive Rock
unknown_gender,>10 albums,2,Psychobilly
unknown_gender,>10 albums,30,Punk Rock
unknown_gender,>10 albums,9,R&amp;B
unknown_gender,>10 albums,1,Ranchera
unknown_gender,>10 albums,2,Reggae
unknown_gender,>10 albums,82,Rock
unknown_gender,>10 albums,6,Sertanejo
unknown_gender,>10 albums,1,Ska
unknown_gender,>10 albums,2,Ska Punk
unknown_gender,>10 albums,1,Skate Punk
unknown_gender,>10 albums,2,Soft Rock
unknown_gender,>10 albums,3,Soul
unknown_gender,>10 albums,1,Southern Hip Hop
unknown_gender,>10 albums,3,Southern Rock
unknown_gender,>10 albums,1,Space Rock
unknown_gender,>10 albums,1,Surf Rock
unknown_gender,>10 albums,3,Symphonic Metal
unknown_gender,>10 albums,10,Synthpop
unknown_gender,>10 albums,10,Thrash Metal
unknown_gender,>10 albums,1,Trip Hop
unknown_gender,>10 albums,241,unknown_genre
